Rank,Name,Company,Link,Reason
1,TikTok - Make Your Day,Beijing Microlive Vision,https://www.appannie.com/apps/google-play/app/com.zhiliaoapp.musically/details/,New entry
2,ZOOM Cloud Meetings,Zoom Video Communications,https://www.appannie.com/apps/google-play/app/us.zoom.videomeetings/details/,New entry
3,Messenger ‚Äì Text and Video Chat for Free,Facebook,https://www.appannie.com/apps/google-play/app/com.facebook.orca/details/,New entry
4,Tower Run,Voodoo,https://www.appannie.com/apps/google-play/app/com.lawson.tower/details/,New entry
5,Instagram,Instagram,https://www.appannie.com/apps/google-play/app/com.instagram.android/details/,New entry
6,Wish - Shopping Made Fun,ContextLogic,https://www.appannie.com/apps/google-play/app/com.contextlogic.wish/details/,New entry
7,Cash App,Square Inc,https://www.appannie.com/apps/google-play/app/com.squareup.cash/details/,New entry
8,"News Break: Local, Breaking, & Live",Particle Media,https://www.appannie.com/apps/google-play/app/com.particlenews.newsbreak/details/,New entry
9,Save The Girl,Lion Studios,https://www.appannie.com/apps/google-play/app/com.xmgame.savethegirl/details/,New entry
10,Roblox,Roblox,https://www.appannie.com/apps/google-play/app/com.roblox.client/details/,New entry
11,WhatsApp Messenger,WhatsApp,https://www.appannie.com/apps/google-play/app/com.whatsapp/details/,New entry
12,Snapchat,Snap,https://www.appannie.com/apps/google-play/app/com.snapchat.android/details/,New entry
13,HellCopter,SayGames,https://www.appannie.com/apps/google-play/app/com.gamepie.airpolice/details/,New entry
14,Netflix,Netflix,https://www.appannie.com/apps/google-play/app/com.netflix.mediaclient/details/,New entry
15,Facebook,Facebook,https://www.appannie.com/apps/google-play/app/com.facebook.katana/details/,New entry
16,Recharge Please!,Geisha Tokyo,https://www.appannie.com/apps/google-play/app/com.charge.them.all/details/,New entry
17,Super Sniper!,Voodoo,https://www.appannie.com/apps/google-play/app/com.mitochondriastudios.supersniper/details/,New entry
18,Gardenscapes,Playrix,https://www.appannie.com/apps/google-play/app/com.playrix.gardenscapes/details/,New entry
19,"Pandora - Streaming Music, Radio & Podcasts",Pandora,https://www.appannie.com/apps/google-play/app/com.pandora.android/details/,New entry
20,DoorDash - Food Delivery,DoorDash,https://www.appannie.com/apps/google-play/app/com.dd.doordash/details/,New entry
21,Fishdom,Playrix,https://www.appannie.com/apps/google-play/app/com.playrix.fishdomdd.gplay/details/,New entry
22,"Amazon Shopping - Search, Find, Ship, and Save",Amazon,https://www.appannie.com/apps/google-play/app/com.amazon.mShop.android.shopping/details/,New entry
23,"eBay: Buy, sell, and save money on home essentials",eBay,https://www.appannie.com/apps/google-play/app/com.ebay.mobile/details/,New entry
24,Coin Master,Moon Active,https://www.appannie.com/apps/google-play/app/com.moonactive.coinmaster/details/,New entry
25,Disney+,Disney,https://www.appannie.com/apps/google-play/app/com.disney.disneyplus/details/,New entry
26,Luggage Please,Webedia,https://www.appannie.com/apps/google-play/app/com.scimob.bubble.xray/details/,New entry
27,PayPal Mobile Cash: Send and Request Money Fast,PayPal,https://www.appannie.com/apps/google-play/app/com.paypal.android.p2pmobile/details/,New entry
28,ASMR Slicing,Crazy Labs,https://www.appannie.com/apps/google-play/app/com.crazylabs.asmr.cut/details/,New entry
29,"Spotify: Listen to new music, podcasts, and songs",Spotify,https://www.appannie.com/apps/google-play/app/com.spotify.music/details/,New entry
30,Bubble Tea!,Dual Cat,https://www.appannie.com/apps/google-play/app/com.honeyponey.bubbletea/details/,New entry
31,Google Play Games,Google,https://www.appannie.com/apps/google-play/app/com.google.android.play.games/details/,New entry
32,Wayfair - Shop All Things Home,Wayfair,https://www.appannie.com/apps/google-play/app/com.wayfair.wayfair/details/,New entry
33,Tiles Hop: EDM Rush!,Amanotes,https://www.appannie.com/apps/google-play/app/com.amanotes.beathopper/details/,New entry
34,Skip school !„ÄÄ-escape game,Works Inc,https://www.appannie.com/apps/google-play/app/com.EurekaStudio.skipschool/details/,New entry
35,Walmart Shopping & Grocery,Walmart,https://www.appannie.com/apps/google-play/app/com.walmart.android/details/,New entry
36,Tubi - Free Movies & TV Shows,Tubi,https://www.appannie.com/apps/google-play/app/com.tubitv/details/,New entry
37,Lucky Pusher - Win Big Rewards,Shapekeeper,https://www.appannie.com/apps/google-play/app/com.vip.luckypusher/details/,New entry
38,Venmo,PayPal,https://www.appannie.com/apps/google-play/app/com.venmo/details/,New entry
39,Brain Test 2: Tricky Stories,Unico Studio,https://www.appannie.com/apps/google-play/app/com.unicostudio.braintest2new/details/,New entry
40,Scrabble¬Æ GO - New Word Game,Scopely,https://www.appannie.com/apps/google-play/app/com.pieyel.scrabble/details/,New entry
41,Shop: delivery & order tracker,Shopify,https://www.appannie.com/apps/google-play/app/com.shopify.arrive/details/,New entry
42,Hyper Life,Suji Games,https://www.appannie.com/apps/google-play/app/com.redcat.hyperlife3d/details/,New entry
43,SmartNews: Local Breaking News,SmartNews,https://www.appannie.com/apps/google-play/app/jp.gocro.smartnews.android/details/,New entry
44,Mercari: The Selling App,Mercari,https://www.appannie.com/apps/google-play/app/com.mercariapp.mercari/details/,New entry
45,Pinterest,Pinterest,https://www.appannie.com/apps/google-play/app/com.pinterest/details/,New entry
46,Repair Master 3D,Rollic,https://www.appannie.com/apps/google-play/app/com.quok.repairMaster3d/details/,New entry
47,Google Meet,Google,https://www.appannie.com/apps/google-play/app/com.google.android.apps.meetings/details/,New entry
48,Draw Climber,Voodoo,https://www.appannie.com/apps/google-play/app/com.appadvisory.drawclimber/details/,New entry
49,"Discord - Friends, Communities, & Gaming",Discord,https://www.appannie.com/apps/google-play/app/com.discord/details/,New entry
50,"Android Auto - Google Maps, Media & Messaging",Google,https://www.appannie.com/apps/google-play/app/com.google.android.projection.gearhead/details/,New entry
51,Lucky Dice,Lucky King Studio,https://www.appannie.com/apps/google-play/app/com.luckydice.fun/details/,New entry
52,Amazon Prime Video,Amazon,https://www.appannie.com/apps/google-play/app/com.amazon.avod.thirdpartyclient/details/,New entry
53,Hulu: Stream TV shows & watch the latest movies,Hulu,https://www.appannie.com/apps/google-play/app/com.hulu.plus/details/,New entry
54,"HBO Max: Stream HBO, TV, Movies & More",Warner Media,https://www.appannie.com/apps/google-play/app/com.hbo.hbonow/details/,New entry
55,Brain Test: Tricky Puzzles,Unico Studio,https://www.appannie.com/apps/google-play/app/com.unicostudio.braintest/details/,New entry
56,Perfect Snipe,Mikhail Panov,https://www.appannie.com/apps/google-play/app/com.mikhailp.perfectsnipe/details/,New entry
57,Pluto TV - Free Live TV and Movies,Pluto.tv,https://www.appannie.com/apps/google-play/app/tv.pluto.android/details/,New entry
58,My Talking Tom 2,Outfit7,https://www.appannie.com/apps/google-play/app/com.outfit7.mytalkingtom2/details/,New entry
59,YouTube Music - Stream Songs & Music Videos,Google,https://www.appannie.com/apps/google-play/app/com.google.android.apps.youtube.music/details/,New entry
60,Likee - Formerly LIKE Video,BIGO,https://www.appannie.com/apps/google-play/app/video.like/details/,New entry
61,Kick the Buddy,Playgendary,https://www.appannie.com/apps/google-play/app/com.playgendary.kickthebuddy/details/,New entry
62,"Robinhood - Investment & Trading, Commission-free",Robinhood,https://www.appannie.com/apps/google-play/app/com.robinhood.android/details/,New entry
63,Spiral Roll,Voodoo,https://www.appannie.com/apps/google-play/app/com.Celltop.SpiralRoll/details/,New entry
64,Ice Cream Roll,Lucky Kat Studios,https://www.appannie.com/apps/google-play/app/com.luckykat.icecreamroll/details/,New entry
65,TextNow: Free Texting & Calling App,Enflick,https://www.appannie.com/apps/google-play/app/com.enflick.android.TextNow/details/,New entry
66,Homescapes,Playrix,https://www.appannie.com/apps/google-play/app/com.playrix.homescapes/details/,New entry
67,Go Knots 3D,Rollic,https://www.appannie.com/apps/google-play/app/com.rollic.goknots3d/details/,New entry
68,Twitter,Twitter,https://www.appannie.com/apps/google-play/app/com.twitter.android/details/,New entry
69,Roku,Roku,https://www.appannie.com/apps/google-play/app/com.roku.remote/details/,New entry
70,Fit'em All,Good Job Games,https://www.appannie.com/apps/google-play/app/com.cct.hingeit/details/,New entry
71,OfferUp - Buy. Sell. Offer Up,OfferUp,https://www.appannie.com/apps/google-play/app/com.offerup/details/,New entry
72,"letgo: Buy & Sell Used Stuff, Cars, Furniture",letgo,https://www.appannie.com/apps/google-play/app/com.abtnprojects.ambatana/details/,New entry
73,SHEIN-Fashion Shopping Online,Shein,https://www.appannie.com/apps/google-play/app/com.zzkko/details/,New entry
74,Draw Joust!,Voodoo,https://www.appannie.com/apps/google-play/app/ru.galya.drawjoust/details/,New entry
75,Beat Blade: Dash Danceüéµ‚öîÔ∏è,BattleCry HQ Studio,https://www.appannie.com/apps/google-play/app/com.dropthebeat.beatblade/details/,New entry
76,Join Clash 3D,Supersonic,https://www.appannie.com/apps/google-play/app/com.freeplay.runandfight/details/,New entry
77,"PictureThis: Identify Plant, Flower, Weed and More",Glority,https://www.appannie.com/apps/google-play/app/cn.danatech.xingseus/details/,New entry
78,Fix the Item!,Alictus,https://www.appannie.com/apps/google-play/app/com.clowngames.fixtheitem/details/,New entry
79,Knock'em All,Voodoo,https://www.appannie.com/apps/google-play/app/com.ohmgames.knockdolls/details/,New entry
80,Dancing Road: Color Ball Run!,Amanotes,https://www.appannie.com/apps/google-play/app/com.amanotes.pamadancingroad/details/,New entry
81,Flick Chess!!,Supersonic,https://www.appannie.com/apps/google-play/app/com.twostar.flickchess/details/,New entry
82,Subway Surfers,Sybo,https://www.appannie.com/apps/google-play/app/com.kiloo.subwaysurf/details/,New entry
83,Wobble Man,Zhaoxiguangnian,https://www.appannie.com/apps/google-play/app/cacacat.wobble.man.upstairs/details/,New entry
84,Super Salon,Lion Studios,https://www.appannie.com/apps/google-play/app/com.flashreadinc.pluckinawesome/details/,New entry
85,Garena Free Fire: Rampage,Garena Online,https://www.appannie.com/apps/google-play/app/com.dts.freefireth/details/,New entry
86,Noodle Master,KAYAC,https://www.appannie.com/apps/google-play/app/com.kayac.noodle_master/details/,New entry
87,"News Home: Breaking News, Local & World News Today",My Home Apps,https://www.appannie.com/apps/google-play/app/com.home.news.breaking/details/,New entry
88,NERF Epic Pranks!,Homa,https://www.appannie.com/apps/google-play/app/games.nerf.epic.pranks.free/details/,New entry
89,Pull the Pin,Popcore,https://www.appannie.com/apps/google-play/app/com.maroieqrwlk.unpin/details/,New entry
90,Weather Home - Live Radar Alerts & Widget,My Home Apps,https://www.appannie.com/apps/google-play/app/com.home.weather.radar/details/,New entry
91,Hide 'N Seek!,Supersonic,https://www.appannie.com/apps/google-play/app/com.seenax.HideAndSeek/details/,New entry
92,"Messenger for Messages,Video Chat,Call ID for Free",Appyhigh,https://www.appannie.com/apps/google-play/app/messenger.chat.social.messenger.lite/details/,New entry
93,Candy Crush Saga,King,https://www.appannie.com/apps/google-play/app/com.king.candycrushsaga/details/,New entry
94,Flip Jump Stack!,Crazy Labs,https://www.appannie.com/apps/google-play/app/com.crazylabs.flip.jump.stack/details/,New entry
95,SpongeBob: Krusty Cook-Off,Tilting Point,https://www.appannie.com/apps/google-play/app/com.tiltingpoint.spongebob/details/,New entry
96,Call of Duty¬Æ: Mobile,Activision Publishing,https://www.appannie.com/apps/google-play/app/com.activision.callofduty.shooter/details/,New entry
98,Twitch: Livestream Multiplayer Games & Esports,Twitch Interactive,https://www.appannie.com/apps/google-play/app/tv.twitch.android.app/details/,New entry
99,Reddit,reddit,https://www.appannie.com/apps/google-play/app/com.reddit.frontpage/details/,New entry
100,Coin+: make leisure a treasure,Coin+,https://www.appannie.com/apps/google-play/app/com.lucky.scratch.coin.money.go.win/details/,New entry
101,Chores!,Lion Studios,https://www.appannie.com/apps/google-play/app/com.chitralekha.tinyiron/details/,New entry
102,Fresh EBT - Food Stamp Balance & Unemployment App,Propel,https://www.appannie.com/apps/google-play/app/com.propel.ebenefits/details/,New entry
103,"BIGO LIVE‚ÄìLive Stream, Video Chat, Make Friends",BIGO,https://www.appannie.com/apps/google-play/app/sg.bigo.live/details/,New entry
104,Sneak Thief 3D,Kwalee,https://www.appannie.com/apps/google-play/app/com.kwalee.sneakythief/details/,New entry
105,"Calm - Meditate, Sleep, Relax",Calm,https://www.appannie.com/apps/google-play/app/com.calm.android/details/,New entry
106,Magic Tiles 3,Amanotes,https://www.appannie.com/apps/google-play/app/com.youmusic.magictiles/details/,New entry
107,Microsoft Teams,Microsoft,https://www.appannie.com/apps/google-play/app/com.microsoft.teams/details/,New entry
108,Sniper 3D: Fun Offline Gun Shooting Games Free,Wildlife Studios,https://www.appannie.com/apps/google-play/app/com.fungames.sniper3d/details/,New entry
109,QR & Barcode Reader,TeaCapps,https://www.appannie.com/apps/google-play/app/com.teacapps.barcodescanner/details/,New entry
110,Brain Out ‚Äì Can you pass it?,Eyewind,https://www.appannie.com/apps/google-play/app/com.mind.quiz.brain.out/details/,New entry
111,Grubhub: Local Food Delivery & Restaurant Takeout,Grubhub,https://www.appannie.com/apps/google-play/app/com.grubhub.android/details/,New entry
112,Color Fill 3D,Good Job Games,https://www.appannie.com/apps/google-play/app/com.gjg.colorfill3d/details/,New entry
113,Block Craft 3D: Building Simulator Games For Free,Wildlife Studios,https://www.appannie.com/apps/google-play/app/com.fungames.blockcraft/details/,New entry
114,Your Phone Companion - Link to Windows,Microsoft,https://www.appannie.com/apps/google-play/app/com.microsoft.appmanager/details/,New entry
115,Color Me Happy!,Lion Studios,https://www.appannie.com/apps/google-play/app/com.zenga.mypatience/details/,New entry
116,Samsung Smart Switch Mobile,Samsung Electronics,https://www.appannie.com/apps/google-play/app/com.sec.android.easyMover/details/,New entry
117,Hitmasters,Playgendary,https://www.appannie.com/apps/google-play/app/com.playgendary.hitmasters/details/,New entry
118,slither.io,Lowtech Studios,https://www.appannie.com/apps/google-play/app/air.com.hypah.io.slither/details/,New entry
119,Sky Roller,Homa,https://www.appannie.com/apps/google-play/app/com.topchopgames.skyroller/details/,New entry
120,Lucky Plinko - Big Win,Shapekeeper,https://www.appannie.com/apps/google-play/app/com.iw.luckyplinko.android/details/,New entry
121,Bake it,Kwalee,https://www.appannie.com/apps/google-play/app/com.kwalee.bakeit/details/,New entry
122,McDonald's,McDonald's,https://www.appannie.com/apps/google-play/app/com.mcdonalds.app/details/,New entry
123,SUBWAY¬Æ,Subway,https://www.appannie.com/apps/google-play/app/com.subway.mobile.subwayapp03/details/,New entry
124,ZEDGE‚Ñ¢ Wallpapers & Ringtones,Zedge,https://www.appannie.com/apps/google-play/app/net.zedge.android/details/,New entry
125,Free Robux Pull the Pin,HWS Games,https://www.appannie.com/apps/google-play/app/com.frostpixel.robux.pullthepin/details/,New entry
126,Police Scanner,Best Police Scanner App,https://www.appannie.com/apps/google-play/app/police.scanner.radio.broadcastify.citizen/details/,New entry
127,BitLife - Life Simulator,Candywriter,https://www.appannie.com/apps/google-play/app/com.candywriter.bitlife/details/,New entry
128,Hunter Assassin,Ruby Game,https://www.appannie.com/apps/google-play/app/com.rubygames.assassin/details/,New entry
129,Hungry Shark Evolution,Ubisoft,https://www.appannie.com/apps/google-play/app/com.fgol.HungrySharkEvolution/details/,New entry
130,Little Caesars,Little Caesars,https://www.appannie.com/apps/google-play/app/com.littlecaesars/details/,New entry
131,Whooo?,Yso,https://www.appannie.com/apps/google-play/app/com.YsoCorp.WhoAmI/details/,New entry
132,VoiceBox - Make Prank Video,FunTap Game,https://www.appannie.com/apps/google-play/app/com.voicetech.voicebox/details/,New entry
133,Rolly Legs,Voodoo,https://www.appannie.com/apps/google-play/app/com.vincentb.RollyLegs/details/,New entry
134,Amazon Music: Play & Download Trending Songs,Amazon,https://www.appannie.com/apps/google-play/app/com.amazon.mp3/details/,New entry
135,Uber - Request a ride,Uber Technologies,https://www.appannie.com/apps/google-play/app/com.ubercab/details/,New entry
136,State of Survival: Survive the Zombie Apocalypse,KingsGroup,https://www.appannie.com/apps/google-play/app/com.kingsgroup.sos/details/,New entry
137,Zelle,Early Warning,https://www.appannie.com/apps/google-play/app/com.zellepay.zelle/details/,New entry
138,WATCHED - Multimedia Browser,WATCHED,https://www.appannie.com/apps/google-play/app/com.watched.play/details/,New entry
139,Google Pay: Pay with your phone and send cash,Google,https://www.appannie.com/apps/google-play/app/com.google.android.apps.walletnfcrel/details/,New entry
140,Coin Rush!,Crazy Labs,https://www.appannie.com/apps/google-play/app/com.crazylabs.coin.rush/details/,New entry
141,Lucky Day - Win Real Money,Lucky Day,https://www.appannie.com/apps/google-play/app/com.luckyday.app/details/,New entry
142,Strong Granny - Win Robux for Roblox platform,THFN Games,https://www.appannie.com/apps/google-play/app/com.rmg.idle.tap.strong.granny/details/,New entry
143,Gacha Life,Lunime,https://www.appannie.com/apps/google-play/app/air.com.lunime.gachalife/details/,New entry
144,aquapark.io,Voodoo,https://www.appannie.com/apps/google-play/app/com.cassette.aquapark/details/,New entry
145,Fortnite,Epic Games,https://www.appannie.com/apps/google-play/app/com.epicgames.fortnite/details/,New entry
146,Scary Teacher 3D,Z & K Games,https://www.appannie.com/apps/google-play/app/com.zakg.scaryteacher.hellgame/details/,New entry
147,Craft Vegas,akseno2,https://www.appannie.com/apps/google-play/app/com.ua.toybuilding.survival/details/,New entry
148,Dentist Bling,Crazy Labs,https://www.appannie.com/apps/google-play/app/com.crazylabs.dentist/details/,New entry
149,Pizzaiolo!,Geisha Tokyo,https://www.appannie.com/apps/google-play/app/com.pizza.dough/details/,New entry
150,Jigsaw Puzzles - Puzzle Game,Easybrain,https://www.appannie.com/apps/google-play/app/com.easybrain.jigsaw.puzzles/details/,New entry
151,Archero,Habby,https://www.appannie.com/apps/google-play/app/com.habby.archero/details/,New entry
152,"PicsArt Photo Editor: Pic, Video & Collage Maker",PicsArt,https://www.appannie.com/apps/google-play/app/com.picsart.studio/details/,New entry
153,Move to iOS,Apple,https://www.appannie.com/apps/google-play/app/com.apple.movetoios/details/,New entry
154,Happy Color‚Ñ¢ ‚Äì Color by Number,X-Flow,https://www.appannie.com/apps/google-play/app/com.pixel.art.coloring.color.number/details/,New entry
155,Bullet Bender,Lion Studios,https://www.appannie.com/apps/google-play/app/com.playCog.bulletBender/details/,New entry
156,My Talking Angela,Outfit7,https://www.appannie.com/apps/google-play/app/com.outfit7.mytalkingangelafree/details/,New entry
157,Weather Alerts & Storm Radar - The Weather Channel,The Weather Company,https://www.appannie.com/apps/google-play/app/com.weather.Weather/details/,New entry
158,Uber Eats: Order Food Delivery,Uber Technologies,https://www.appannie.com/apps/google-play/app/com.ubercab.eats/details/,New entry
159,Facebook Lite,Facebook,https://www.appannie.com/apps/google-play/app/com.facebook.lite/details/,New entry
160,"SoundCloud - Play Music, Audio & New Songs",SoundCloud,https://www.appannie.com/apps/google-play/app/com.soundcloud.android/details/,New entry
161,"iHeartRadio: Radio, Podcasts & Music On Demand",iHeartMedia,https://www.appannie.com/apps/google-play/app/com.clearchannel.iheartradio.controller/details/,New entry
162,Wordscapes,PeopleFun,https://www.appannie.com/apps/google-play/app/com.peoplefun.wordcross/details/,New entry
163,"Lyft - Rideshare, Bikes, Scooters & Transit",Lyft,https://www.appannie.com/apps/google-play/app/me.lyft.android/details/,New entry
164,Johnny Trigger,SayGames,https://www.appannie.com/apps/google-play/app/com.time.trigger/details/,New entry
165,Evony: The King's Return,Top Games,https://www.appannie.com/apps/google-play/app/com.topgamesinc.evony/details/,New entry
166,Extreme Car Driving Simulator,AxesinMotion,https://www.appannie.com/apps/google-play/app/com.aim.racing/details/,New entry
167,Rewarded Play: Earn Free Gift Cards & Play Games!,Influence Mobile,https://www.appannie.com/apps/google-play/app/com.affinity.rewarded_play/details/,New entry
168,Microsoft Outlook: Organize Your Email & Calendar,Microsoft,https://www.appannie.com/apps/google-play/app/com.microsoft.office.outlook/details/,New entry
169,Paper.io 2,Voodoo,https://www.appannie.com/apps/google-play/app/io.voodoo.paper2/details/,New entry
170,Great Clips Online Check-in,Great Clips,https://www.appannie.com/apps/google-play/app/com.greatclips.android/details/,New entry
171,Soap Cutting,Crazy Labs,https://www.appannie.com/apps/google-play/app/com.crazylabs.soap.cutting/details/,New entry
172,Perfect Cream,Playgendary,https://www.appannie.com/apps/google-play/app/com.playgendary.creamaster/details/,New entry
173,Wordscapes Search,PeopleFun,https://www.appannie.com/apps/google-play/app/com.peoplefun.wordsearch/details/,New entry
174,Telegram,Telegram,https://www.appannie.com/apps/google-play/app/org.telegram.messenger/details/,New entry
175,Messenger Kids ‚Äì The Messaging App for Kids,Facebook,https://www.appannie.com/apps/google-play/app/com.facebook.talk/details/,New entry
176,Amazon Photos,Amazon,https://www.appannie.com/apps/google-play/app/com.amazon.clouddrive.photos/details/,New entry
177,Messenger Lite: Free Calls & Messages,Facebook,https://www.appannie.com/apps/google-play/app/com.facebook.mlite/details/,New entry
178,Starbucks,Starbucks,https://www.appannie.com/apps/google-play/app/com.starbucks.mobilecard/details/,New entry
179,Hole.io,Voodoo,https://www.appannie.com/apps/google-play/app/io.voodoo.holeio/details/,New entry
180,MISTPLAY: Gift Cards & Rewards For Playing Games,MISTPLAY,https://www.appannie.com/apps/google-play/app/com.mistplay.mistplay/details/,New entry
181,Car Restoration 3D,Rollic,https://www.appannie.com/apps/google-play/app/com.tiplaystudio.CarRestoration3D/details/,New entry
182,Sonic Dash - Endless Running & Racing Game,SEGA,https://www.appannie.com/apps/google-play/app/com.sega.sonicdash/details/,New entry
183,Hop Ball 3D,Amanotes,https://www.appannie.com/apps/google-play/app/com.amanotes.pamarollingtiles2/details/,New entry
184,Colorscapes - Color by Number & Puzzle Games,Fuero Games,https://www.appannie.com/apps/google-play/app/com.artlife.coloringbook/details/,New entry
185,Duolingo: Learn Languages Free,Duolingo,https://www.appannie.com/apps/google-play/app/com.duolingo/details/,New entry
186,Township,Playrix,https://www.appannie.com/apps/google-play/app/com.playrix.township/details/,New entry
187,Audible Audiobooks: Stories & Audio Entertainment,Audible,https://www.appannie.com/apps/google-play/app/com.audible.application/details/,New entry
188,Talking Tom Hero Dash - Run Game,Outfit7,https://www.appannie.com/apps/google-play/app/com.outfit7.herodash/details/,New entry
189,WEBTOON,NAVER,https://www.appannie.com/apps/google-play/app/com.naver.linewebtoon/details/,New entry
190,Stack Ball - Blast through platforms,Azur Interactive Games,https://www.appannie.com/apps/google-play/app/com.azurgames.stackball/details/,New entry
191,Pok√©mon GO,Niantic,https://www.appannie.com/apps/google-play/app/com.nianticlabs.pokemongo/details/,New entry
192,PlaySpot - Make Money Playing Games,PlaySpot,https://www.appannie.com/apps/google-play/app/com.moregames.makemoney/details/,New entry
193,Parkour Race - Freerun Game,Madbox,https://www.appannie.com/apps/google-play/app/com.parkourrace.game/details/,New entry
194,Google Duo - High Quality Video Calls,Google,https://www.appannie.com/apps/google-play/app/com.google.android.apps.tachyon/details/,New entry
195,Avatoon - Avatar Creator & Emoji Me,IdeaLabs.,https://www.appannie.com/apps/google-play/app/face.cartoon.picture.editor.emoji/details/,New entry
196,Granny,DVloper,https://www.appannie.com/apps/google-play/app/com.dvloper.granny/details/,New entry
197,Zillow: Find Houses for Sale & Apartments for Rent,Zillow,https://www.appannie.com/apps/google-play/app/com.zillow.android.zillowmap/details/,New entry
198,Target,Target,https://www.appannie.com/apps/google-play/app/com.target.ui/details/,New entry
199,AMAZE!,Crazy Labs,https://www.appannie.com/apps/google-play/app/com.crazylabs.amaze.game/details/,New entry
75,Evertale,ZigZaGame,https://www.appannie.com/apps/google-play/app/com.zigzagame.evertale/details/,New entry
89,Rusted Warfare - RTS Strategy,Corroding games,https://www.appannie.com/apps/google-play/app/com.corrodinggames.rts/details/,New entry
92,Goat Simulator Payday,Coffee Stain,https://www.appannie.com/apps/google-play/app/com.coffeestainstudios.goatsimulator.payday/details/,New entry
98,The House of Da Vinci 2,Blue Brain Games,https://www.appannie.com/apps/google-play/app/com.bluebraingames.houseofdavinci2/details/,New entry
103,NBA JAM by EA SPORTS‚Ñ¢,Electronic Arts,https://www.appannie.com/apps/google-play/app/com.eamobile.nbajam_na_wf/details/,New entry
152,Viticulture,DIGIDICED,https://www.appannie.com/apps/google-play/app/com.digidiced.vxcrelease/details/,New entry
153,Papa's Donuteria To Go!,Flipline,https://www.appannie.com/apps/google-play/app/air.com.flipline.papasdonuteriatogo/details/,New entry
171,Monument Valley 2,ustwo,https://www.appannie.com/apps/google-play/app/com.ustwo.monumentvalley2/details/,New entry
176,Voice Recorder Pro,"quality apps (recorder, weather, music)",https://www.appannie.com/apps/google-play/app/com.media.bestrecorder.audiorecorderpro/details/,New entry
181,My PlayHome Stores,Shimon Young : Play Home Software,https://www.appannie.com/apps/google-play/app/com.playhome.stores/details/,New entry
187,PJ Masks: Racing Heroes,Entertainment One,https://www.appannie.com/apps/google-play/app/com.pjmasks.racingheroes/details/,New entry
188,Infinite Flight - Flight Simulator,Infinite Flight LLC,https://www.appannie.com/apps/google-play/app/com.fds.infiniteflight/details/,New entry
190,JCheater: San Andreas Edition,Jenko,https://www.appannie.com/apps/google-play/app/com.jdroid.gtasacheater/details/,New entry
192,Papa's Pizzeria To Go!,Flipline,https://www.appannie.com/apps/google-play/app/air.com.flipline.papaspizzeriatogo/details/,New entry
193,Survivalcraft 2,Candy Rufus,https://www.appannie.com/apps/google-play/app/com.candyrufusgames.survivalcraft2/details/,New entry
196,Papa's Cheeseria To Go!,Flipline,https://www.appannie.com/apps/google-play/app/air.com.flipline.papascheeseriatogo/details/,New entry
2,Coin Master,Moon Active,https://www.appannie.com/apps/google-play/app/com.moonactive.coinmaster/details/,New entry
3,Pok√©mon GO,Niantic,https://www.appannie.com/apps/google-play/app/com.nianticlabs.pokemongo/details/,New entry
4,Candy Crush Saga,King,https://www.appannie.com/apps/google-play/app/com.king.candycrushsaga/details/,New entry
5,Roblox,Roblox,https://www.appannie.com/apps/google-play/app/com.roblox.client/details/,New entry
6,Gardenscapes,Playrix,https://www.appannie.com/apps/google-play/app/com.playrix.gardenscapes/details/,New entry
7,Google One,Google,https://www.appannie.com/apps/google-play/app/com.google.android.apps.subscriptions.red/details/,New entry
8,Slotomania‚Ñ¢ Slots Casino: Slot Machine Games,Playtika,https://www.appannie.com/apps/google-play/app/air.com.playtika.slotomania/details/,New entry
9,Clash of Clans,Supercell,https://www.appannie.com/apps/google-play/app/com.supercell.clashofclans/details/,New entry
10,"Pandora - Streaming Music, Radio & Podcasts",Pandora,https://www.appannie.com/apps/google-play/app/com.pandora.android/details/,New entry
11,Homescapes,Playrix,https://www.appannie.com/apps/google-play/app/com.playrix.homescapes/details/,New entry
12,Bingo Blitz‚Ñ¢Ô∏è - Bingo Games,Playtika Santa Monica,https://www.appannie.com/apps/google-play/app/air.com.buffalo_studios.newflashbingo/details/,New entry
13,Garena Free Fire: Rampage,Garena Online,https://www.appannie.com/apps/google-play/app/com.dts.freefireth/details/,New entry
14,MARVEL Strike Force - Squad RPG,FoxNext Games,https://www.appannie.com/apps/google-play/app/com.foxnextgames.m3/details/,New entry
15,DRAGON BALL LEGENDS,BANDAI NAMCO Entertainment,https://www.appannie.com/apps/google-play/app/com.bandainamcoent.dblegends_ww/details/,New entry
16,Candy Crush Soda Saga,King,https://www.appannie.com/apps/google-play/app/com.king.candycrushsodasaga/details/,New entry
17,Jackpot Party Casino Games: Spin FREE Casino Slots,Scientific Games,https://www.appannie.com/apps/google-play/app/com.williamsinteractive.jackpotparty/details/,New entry
18,Fate/Grand Order (English),Aniplex,https://www.appannie.com/apps/google-play/app/com.aniplex.fategrandorder.en/details/,New entry
19,Toon Blast,Peak,https://www.appannie.com/apps/google-play/app/net.peakgames.toonblast/details/,New entry
20,Fishdom,Playrix,https://www.appannie.com/apps/google-play/app/com.playrix.fishdomdd.gplay/details/,New entry
21,Rise of Kingdoms: Lost Crusade,Lilith,https://www.appannie.com/apps/google-play/app/com.lilithgame.roc.gp/details/,New entry
22,Lords Mobile: Kingdom Wars,IGG,https://www.appannie.com/apps/google-play/app/com.igg.android.lordsmobile/details/,New entry
23,RAID: Shadow Legends,Plarium,https://www.appannie.com/apps/google-play/app/com.plarium.raidlegends/details/,New entry
24,PUBG MOBILE - Mad Miramar,Tencent,https://www.appannie.com/apps/google-play/app/com.tencent.ig/details/,New entry
25,Star Trek‚Ñ¢ Fleet Command,Scopely,https://www.appannie.com/apps/google-play/app/com.scopely.startrek/details/,New entry
26,King of Avalon: Dragon War | Multiplayer Strategy,FunPlus,https://www.appannie.com/apps/google-play/app/com.funplus.kingofavalon/details/,New entry
27,Disney+,Disney,https://www.appannie.com/apps/google-play/app/com.disney.disneyplus/details/,New entry
28,Twitch: Livestream Multiplayer Games & Esports,Twitch Interactive,https://www.appannie.com/apps/google-play/app/tv.twitch.android.app/details/,New entry
29,Last Shelter: Survival,Long Tech Network,https://www.appannie.com/apps/google-play/app/com.more.dayzsurvival.gp/details/,New entry
30,Cash Frenzy‚Ñ¢ Casino ‚Äì Top Casino Games,Bole Games,https://www.appannie.com/apps/google-play/app/slots.pcg.casino.games.free.android/details/,New entry
31,State of Survival: Survive the Zombie Apocalypse,KingsGroup,https://www.appannie.com/apps/google-play/app/com.kingsgroup.sos/details/,New entry
32,POP! Slots ‚Ñ¢- Play Vegas Casino Slot Machines!,PlayStudios,https://www.appannie.com/apps/google-play/app/com.playstudios.popslots/details/,New entry
33,Empires & Puzzles: Epic Match 3,Small Giant Games,https://www.appannie.com/apps/google-play/app/com.smallgiantgames.empires/details/,New entry
34,Cashman Casino: Vegas Slot Machines! 2M Free!,Product Madness,https://www.appannie.com/apps/google-play/app/com.productmadness.cashmancasino/details/,New entry
35,Klondike Adventures,Vizor,https://www.appannie.com/apps/google-play/app/com.vizorapps.klondike/details/,New entry
36,Call of Duty¬Æ: Mobile,Activision Publishing,https://www.appannie.com/apps/google-play/app/com.activision.callofduty.shooter/details/,New entry
37,Guns of Glory: Build an Epic Army for the Kingdom,FunPlus,https://www.appannie.com/apps/google-play/app/com.diandian.gog/details/,New entry
38,Township,Playrix,https://www.appannie.com/apps/google-play/app/com.playrix.township/details/,New entry
39,Tinder,Match Group,https://www.appannie.com/apps/google-play/app/com.tinder/details/,New entry
40,Star Wars‚Ñ¢: Galaxy of Heroes,Electronic Arts,https://www.appannie.com/apps/google-play/app/com.ea.game.starwarscapital_row/details/,New entry
41,ESPN,ESPN,https://www.appannie.com/apps/google-play/app/com.espn.score_center/details/,New entry
42,Marvel Contest of Champions,Kabam,https://www.appannie.com/apps/google-play/app/com.kabam.marvelbattle/details/,New entry
43,DRAGON BALL Z DOKKAN BATTLE,BANDAI NAMCO Entertainment,https://www.appannie.com/apps/google-play/app/com.bandainamcogames.dbzdokkanww/details/,New entry
44,Huuuge Casino Slots - Best Slot Machines,Huuuge Games,https://www.appannie.com/apps/google-play/app/com.huuuge.casino.slots/details/,New entry
45,The Seven Deadly Sins: Grand Cross,Netmarble,https://www.appannie.com/apps/google-play/app/com.netmarble.nanagb/details/,New entry
46,Merge Dragons!,Gram Games,https://www.appannie.com/apps/google-play/app/com.gramgames.mergedragons/details/,New entry
47,Vegas Slots - DoubleDown Casino,Double Down Interactive,https://www.appannie.com/apps/google-play/app/com.ddi/details/,New entry
48,House of Fun‚Ñ¢Ô∏è: Free Slots & Casino Games,Playtika,https://www.appannie.com/apps/google-play/app/com.pacificinteractive.HouseOfFun/details/,New entry
49,Golf Clash,Playdemic,https://www.appannie.com/apps/google-play/app/com.playdemic.golf.android/details/,New entry
50,Summoners War,Com2uS,https://www.appannie.com/apps/google-play/app/com.com2us.smon.normal.freefull.google.kr.android.common/details/,New entry
51,Mafia City,Yotta Games,https://www.appannie.com/apps/google-play/app/com.yottagames.mafiawar/details/,New entry
52,"HBO Max: Stream HBO, TV, Movies & More",Warner Media,https://www.appannie.com/apps/google-play/app/com.hbo.hbonow/details/,New entry
53,Toy Blast,Peak,https://www.appannie.com/apps/google-play/app/net.peakgames.amy/details/,New entry
54,AFK Arena,Lilith,https://www.appannie.com/apps/google-play/app/com.lilithgame.hgame.gp/details/,New entry
55,Facebook,Facebook,https://www.appannie.com/apps/google-play/app/com.facebook.katana/details/,New entry
56,Clash Royale,Supercell,https://www.appannie.com/apps/google-play/app/com.supercell.clashroyale/details/,New entry
57,Lotsa Slots - Free Vegas Casino Slot Machines,Bole Games,https://www.appannie.com/apps/google-play/app/com.diamondlife.slots.vegas.free/details/,New entry
58,Slots: Heart of Vegas‚Ñ¢ ‚Äì Free Slot Casino Games,Product Madness,https://www.appannie.com/apps/google-play/app/com.productmadness.hovmobile/details/,New entry
59,Hero Wars ‚Äì Hero Fantasy Multiplayer Battles,Nexters,https://www.appannie.com/apps/google-play/app/com.nexters.herowars/details/,New entry
60,Solitaire TriPeaks: Play Free Solitaire Card Games,Game Show Network,https://www.appannie.com/apps/google-play/app/com.gsn.android.tripeaks/details/,New entry
61,Design Home: House Renovation,Crowdstar,https://www.appannie.com/apps/google-play/app/com.crowdstar.covetHome/details/,New entry
62,Merge Magic!,Gram Games,https://www.appannie.com/apps/google-play/app/com.gramgames.mergemagic/details/,New entry
63,Game of Thrones: Conquest ‚Ñ¢ - Strategy Game,Warner Bros,https://www.appannie.com/apps/google-play/app/com.wb.goog.got.conquest/details/,New entry
64,Lily‚Äôs Garden,Tactile Games,https://www.appannie.com/apps/google-play/app/dk.tactile.lilysgarden/details/,New entry
65,Best Fiends - Free Puzzle Game,Seriously Digital Entertainment,https://www.appannie.com/apps/google-play/app/com.Seriously.BestFiends/details/,New entry
66,Solitaire - Grand Harvest - Tripeaks,Supertreat,https://www.appannie.com/apps/google-play/app/net.supertreat.solitaire/details/,New entry
67,World Series of Poker ‚Äì WSOP Free Texas Holdem,Playtika,https://www.appannie.com/apps/google-play/app/com.playtika.wsop.gp/details/,New entry
68,FFBE WAR OF THE VISIONS,SQUARE ENIX,https://www.appannie.com/apps/google-play/app/com.square_enix.android_googleplay.WOTVffbeww/details/,New entry
69,Game of Sultans,Mechanist,https://www.appannie.com/apps/google-play/app/com.dc.hwsj/details/,New entry
70,"BIGO LIVE‚ÄìLive Stream, Video Chat, Make Friends",BIGO,https://www.appannie.com/apps/google-play/app/sg.bigo.live/details/,New entry
71,Matchington Mansion,Firecraft Studios,https://www.appannie.com/apps/google-play/app/com.matchington.mansion/details/,New entry
72,June's Journey - Hidden Objects,Wooga,https://www.appannie.com/apps/google-play/app/net.wooga.junes_journey_hidden_object_mystery_game/details/,New entry
73,Caesars Casino: Free Slots Games,Playtika,https://www.appannie.com/apps/google-play/app/com.playtika.caesarscasino/details/,New entry
74,YAHTZEE¬Æ With Buddies Dice Game,Scopely,https://www.appannie.com/apps/google-play/app/com.scopely.yux/details/,New entry
75,Wizard of Oz Free Slots Casino,Zynga,https://www.appannie.com/apps/google-play/app/com.zynga.wizardofoz/details/,New entry
76,Lightning Link Casino: Free Vegas Slots! 10M Bonus,Product Madness,https://www.appannie.com/apps/google-play/app/com.productmadness.lightninglink/details/,New entry
77,Chapters: Interactive Stories,ChineseAll,https://www.appannie.com/apps/google-play/app/com.mars.avgchapters/details/,New entry
78,Êñ∞‰∏âÂúãÂøóÊâãÊ©üÁâà-ÂÖâÊ¶ÆÁâπÂ∫´Êë©ÊéàÊ¨ä,Black Beard Game,https://www.appannie.com/apps/google-play/app/com.bbgame.sgzapk.tw/details/,New entry
79,Epic Seven,Smilegate Megaport,https://www.appannie.com/apps/google-play/app/com.stove.epic7.google/details/,New entry
80,Big Fish Casino ‚Äì Slot Machines & Huge Rewards,Big Fish Games,https://www.appannie.com/apps/google-play/app/com.selfawaregames.acecasino/details/,New entry
81,Fishing Clash: Fish Catching Games,Ten Square Games,https://www.appannie.com/apps/google-play/app/com.tensquaregames.letsfish2/details/,New entry
82,ÊòüÂüéOnline,Wanin,https://www.appannie.com/apps/google-play/app/game.xin.hd.g/details/,New entry
83,Billionaire Casino Slots - The Best Slot Machines,Huuuge Games,https://www.appannie.com/apps/google-play/app/com.huuuge.casino.texas/details/,New entry
84,MLB Tap Sports Baseball 2020,Glu,https://www.appannie.com/apps/google-play/app/com.glu.baseball20/details/,New entry
85,War and Order,Camel Games,https://www.appannie.com/apps/google-play/app/com.camelgames.superking/details/,New entry
86,Love Nikki-Dress UP Queen,Elex Technology,https://www.appannie.com/apps/google-play/app/com.elex.nikkigp/details/,New entry
87,WWE Champions 2020,Scopely,https://www.appannie.com/apps/google-play/app/com.scopely.whiplash/details/,New entry
88,MeetMe: Chat & Meet New People,The Meet Group,https://www.appannie.com/apps/google-play/app/com.myyearbook.m/details/,New entry
89,Fire Emblem Heroes,Nintendo,https://www.appannie.com/apps/google-play/app/com.nintendo.zaba/details/,New entry
90,Quick Hit Casino Games - Free Casino Slots Games,Scientific Games,https://www.appannie.com/apps/google-play/app/com.ballytechnologies.quickhitslots/details/,New entry
91,Harry Potter: Hogwarts Mystery,Jam City,https://www.appannie.com/apps/google-play/app/com.tinyco.potter/details/,New entry
92,Board Kings‚Ñ¢Ô∏è,Jelly Button,https://www.appannie.com/apps/google-play/app/com.jellybtn.boardkings/details/,New entry
93,8 Ball Pool,Miniclip,https://www.appannie.com/apps/google-play/app/com.miniclip.eightballpool/details/,New entry
94,Tango - Live Video Broadcasts,TangoMe,https://www.appannie.com/apps/google-play/app/com.sgiggle.production/details/,New entry
95,Choices: Stories You Play,Pixelberry,https://www.appannie.com/apps/google-play/app/com.pixelberrystudios.choices/details/,New entry
96,Exos Heroes,LINE Games,https://www.appannie.com/apps/google-play/app/com.linegames.exos/details/,New entry
97,Candy Crush Friends Saga,King,https://www.appannie.com/apps/google-play/app/com.king.candycrush4/details/,New entry
98,Scatter Slots - Free Casino Games & Vegas Slots,Murka,https://www.appannie.com/apps/google-play/app/com.murka.scatterslots/details/,New entry
99,Bubble Witch 3 Saga,King,https://www.appannie.com/apps/google-play/app/com.king.bubblewitch3/details/,New entry
100,Final Fantasy XV: A New Empire,Epic Action,https://www.appannie.com/apps/google-play/app/com.epicactiononline.ffxv.ane/details/,New entry
101,CSR Racing 2 - #1 in Car Racing Games,NaturalMotion,https://www.appannie.com/apps/google-play/app/com.naturalmotion.customstreetracer2/details/,New entry
102,Angry Birds 2,Rovio,https://www.appannie.com/apps/google-play/app/com.rovio.baba/details/,New entry
103,West Game,Leyi Network,https://www.appannie.com/apps/google-play/app/leyi.westgame/details/,New entry
104,Wordscapes,PeopleFun,https://www.appannie.com/apps/google-play/app/com.peoplefun.wordcross/details/,New entry
105,Yu-Gi-Oh! Duel Links,KONAMI,https://www.appannie.com/apps/google-play/app/jp.konami.duellinks/details/,New entry
106,Evony: The King's Return,Top Games,https://www.appannie.com/apps/google-play/app/com.topgamesinc.evony/details/,New entry
107,War Robots. 6v6 Tactical Multiplayer Battles,Pixonic,https://www.appannie.com/apps/google-play/app/com.pixonic.wwr/details/,New entry
108,Hit it Rich! Free Casino Slots,Zynga,https://www.appannie.com/apps/google-play/app/com.zynga.hititrich/details/,New entry
109,Golf Rival,GR Sports Club,https://www.appannie.com/apps/google-play/app/com.sports.real.golf.rival.online/details/,New entry
110,Clockmaker,Samfinaco,https://www.appannie.com/apps/google-play/app/com.belkatechnologies.clockmaker/details/,New entry
111,Farm Heroes Saga,King,https://www.appannie.com/apps/google-play/app/com.king.farmheroessaga/details/,New entry
112,Bingo Bash: Live Bingo Games & Free Slots By GSN,Game Show Network,https://www.appannie.com/apps/google-play/app/air.com.bitrhymes.bingo/details/,New entry
113,Disney Sorcerer's Arena,Glu,https://www.appannie.com/apps/google-play/app/com.glu.disneygame/details/,New entry
114,my KONAMI Slots - Free Vegas Casino Slot Machines,PlayStudios,https://www.appannie.com/apps/google-play/app/com.playstudios.mykonami/details/,New entry
115,Gold Fish Casino Slots - FREE Slot Machine Games,Scientific Games,https://www.appannie.com/apps/google-play/app/com.williamsinteractive.goldfish/details/,New entry
116,"Tagged - Meet, Chat & Dating",Ifwe,https://www.appannie.com/apps/google-play/app/com.taggedapp/details/,New entry
117,Zynga Poker ‚Äì Free Texas Holdem Online Card Games,Zynga,https://www.appannie.com/apps/google-play/app/com.zynga.livepoker/details/,New entry
118,Battle Warship: Naval Empire,Special Gamez,https://www.appannie.com/apps/google-play/app/com.special.warship/details/,New entry
119,Age of Z,Camel Games,https://www.appannie.com/apps/google-play/app/com.camelgames.aoz/details/,New entry
120,Jackpot Magic Slots‚Ñ¢: Social Casino & Slot Games,Big Fish Games,https://www.appannie.com/apps/google-play/app/com.bigfishgames.jackpotcityslotsf2pgoogle/details/,New entry
121,MARVEL Future Fight,Netmarble,https://www.appannie.com/apps/google-play/app/com.netmarble.mherosgb/details/,New entry
122,Clash of Kings : The Ramadan event is on going!,Elex Technology,https://www.appannie.com/apps/google-play/app/com.hcg.cok.gp/details/,New entry
123,"Bumble - Dating, Friends & Business",Bumble,https://www.appannie.com/apps/google-play/app/com.bumble.app/details/,New entry
124,Vikings: War of Clans,Plarium,https://www.appannie.com/apps/google-play/app/com.plarium.vikings/details/,New entry
125,Cookie Jam‚Ñ¢ Match 3 Games | Connect 3 or More,Jam City,https://www.appannie.com/apps/google-play/app/air.com.sgn.cookiejam.gp/details/,New entry
126,Mobile Legends: Bang Bang,Moonton,https://www.appannie.com/apps/google-play/app/com.mobile.legends/details/,New entry
127,Brawl Stars,Supercell,https://www.appannie.com/apps/google-play/app/com.supercell.brawlstars/details/,New entry
128,myVEGAS Slots - Las Vegas Casino Slot Machines,PlayStudios,https://www.appannie.com/apps/google-play/app/com.playstudios.myvegas/details/,New entry
129,Cooking Diary¬Æ: Best Tasty Restaurant & Cafe Game,MYTONA,https://www.appannie.com/apps/google-play/app/com.mytona.cookingdiary.android/details/,New entry
130,Rise of Empires: Ice and Fire,Long Tech Network,https://www.appannie.com/apps/google-play/app/com.im30.ROE.gp/details/,New entry
131,Pet Rescue Saga,King,https://www.appannie.com/apps/google-play/app/com.king.petrescuesaga/details/,New entry
132,Hero Cantare with WEBTOON‚Ñ¢,Ngel Games,https://www.appannie.com/apps/google-play/app/com.ngelgames.herocantare/details/,New entry
133,Army Men Strike - Military Strategy Simulator,Volcano Force,https://www.appannie.com/apps/google-play/app/com.hts.ams/details/,New entry
134,Bingo Pop - Live Multiplayer Bingo Games for Free,Jam City,https://www.appannie.com/apps/google-play/app/com.uken.BingoPop/details/,New entry
135,Messenger ‚Äì Text and Video Chat for Free,Facebook,https://www.appannie.com/apps/google-play/app/com.facebook.orca/details/,New entry
136,Bingo Story ‚Äì Free Bingo Games,Clipwire,https://www.appannie.com/apps/google-play/app/com.clipwiregames.bingostory/details/,New entry
137,"Dropbox: Cloud Storage to Backup, Sync, File Share",Dropbox,https://www.appannie.com/apps/google-play/app/com.dropbox.android/details/,New entry
138,Covet Fashion - Dress Up Game,Crowdstar,https://www.appannie.com/apps/google-play/app/com.crowdstar.covetfashion/details/,New entry
139,Arknights,Yostar,https://www.appannie.com/apps/google-play/app/com.YoStarEN.Arknights/details/,New entry
140,Google Drive,Google,https://www.appannie.com/apps/google-play/app/com.google.android.apps.docs/details/,New entry
141,Sniper 3D: Fun Offline Gun Shooting Games Free,Wildlife Studios,https://www.appannie.com/apps/google-play/app/com.fungames.sniper3d/details/,New entry
142,Hay Day,Supercell,https://www.appannie.com/apps/google-play/app/com.supercell.hayday/details/,New entry
143,Top War: Battle Game,Topwar Studio,https://www.appannie.com/apps/google-play/app/com.topwar.gp/details/,New entry
144,Dragon City,Social Point,https://www.appannie.com/apps/google-play/app/es.socialpoint.DragonCity/details/,New entry
145,STARZ,Starz Entertainment,https://www.appannie.com/apps/google-play/app/com.bydeluxe.d3.android.program.starz/details/,New entry
146,Black Desert Mobile,Pearl Abyss,https://www.appannie.com/apps/google-play/app/com.pearlabyss.blackdesertm.gl/details/,New entry
147,"iHeartRadio: Radio, Podcasts & Music On Demand",iHeartMedia,https://www.appannie.com/apps/google-play/app/com.clearchannel.iheartradio.controller/details/,New entry
148,DAFU‚Ñ¢ Casino: Hot Vegas Slot Machines,Bole Games,https://www.appannie.com/apps/google-play/app/com.grandegames.slots.dafu.casino/details/,New entry
149,Mario Kart Tour,Nintendo,https://www.appannie.com/apps/google-play/app/com.nintendo.zaka/details/,New entry
150,Webnovel,China Literature,https://www.appannie.com/apps/google-play/app/com.qidian.Int.reader/details/,New entry
151,Grindr - Gay chat,Grindr,https://www.appannie.com/apps/google-play/app/com.grindrapp.android/details/,New entry
152,MONOPOLY Slots ‚Äì Free Slot Machines & Casino Games,Scientific Games,https://www.appannie.com/apps/google-play/app/com.scientificgames.monopolyslots/details/,New entry
153,Random Dice: PvP Defense,111%,https://www.appannie.com/apps/google-play/app/com.percent.royaldice/details/,New entry
154,Family Island‚Ñ¢ - Farm game adventure,Melesta,https://www.appannie.com/apps/google-play/app/com.MelsoftGames.FamilyIslandFarm/details/,New entry
155,CBS - Full Episodes & Live TV,CBS Interactive,https://www.appannie.com/apps/google-play/app/com.cbs.app/details/,New entry
156,Disney Emoji Blitz,Jam City,https://www.appannie.com/apps/google-play/app/com.disney.emojimatch_goo/details/,New entry
157,Diner DASH Adventures: a time management game,Glu,https://www.appannie.com/apps/google-play/app/com.glu.dashtown/details/,New entry
158,Looney Tunes‚Ñ¢ World of Mayhem - Action RPG,Scopely,https://www.appannie.com/apps/google-play/app/com.aqupepgames.projectpepe/details/,New entry
159,Dragon Raja,Archosaur Games,https://www.appannie.com/apps/google-play/app/com.zloong.eu.dr.gp/details/,New entry
160,Duolingo: Learn Languages Free,Duolingo,https://www.appannie.com/apps/google-play/app/com.duolingo/details/,New entry
161,Bleach: Immortal Soul,Oasis Games,https://www.appannie.com/apps/google-play/app/com.ttlike.mbsaen.android/details/,New entry
162,Club Vegas Slots 2020 - NEW Slot Machine Games,Bagelcode,https://www.appannie.com/apps/google-play/app/com.bagelcode.slots1/details/,New entry
163,Game of Thrones Slots Casino - Free Slot Machines,Zynga,https://www.appannie.com/apps/google-play/app/com.zynga.gotslots/details/,New entry
164,Candy Crush Jelly Saga,King,https://www.appannie.com/apps/google-play/app/com.king.candycrushjellysaga/details/,New entry
165,WEBTOON,NAVER,https://www.appannie.com/apps/google-play/app/com.naver.linewebtoon/details/,New entry
166,Hustle Castle: Medieval games in the kingdom,MY.COM,https://www.appannie.com/apps/google-play/app/com.my.hc.rpg.kingdom.simulator/details/,New entry
167,Angry Birds Dream Blast: Bubble Puzzle Shooter,Rovio,https://www.appannie.com/apps/google-play/app/com.rovio.dream/details/,New entry
168,"Calm - Meditate, Sleep, Relax",Calm,https://www.appannie.com/apps/google-play/app/com.calm.android/details/,New entry
169,Panda Pop! Bubble Shooter Saga | Blast Bubbles,Jam City,https://www.appannie.com/apps/google-play/app/com.sgn.pandapop.gp/details/,New entry
170,"IMVU - Game with 3D Avatars, Chat and Real Friends",IMVU,https://www.appannie.com/apps/google-play/app/com.imvu.mobilecordova/details/,New entry
171,Kiss of War,Tap4Fun,https://www.appannie.com/apps/google-play/app/com.tap4fun.kissofwar.googleplay/details/,New entry
172,Disney Magic Kingdoms: Build Your Own Magical Park,Gameloft,https://www.appannie.com/apps/google-play/app/com.gameloft.android.ANMP.GloftDYHM/details/,New entry
173,"GSN Casino: Play casino games- slots, poker, bingo",Game Show Network,https://www.appannie.com/apps/google-play/app/com.gsn.android.casino/details/,New entry
174,The Walking Dead: Road to Survival,Scopely,https://www.appannie.com/apps/google-play/app/com.scopely.headshot/details/,New entry
175,Redecor - Home Design Game,Reworks,https://www.appannie.com/apps/google-play/app/fi.reworks.redecor/details/,New entry
176,Crunchyroll,Ellation,https://www.appannie.com/apps/google-play/app/com.crunchyroll.crunchyroid/details/,New entry
177,Vanguard ZERO,Bushiroad,https://www.appannie.com/apps/google-play/app/com.bushiroad.en.vgzero/details/,New entry
178,Bingo Journey - Most Entertaining Casino Game,Elestorm Game,https://www.appannie.com/apps/google-play/app/com.bingo.scape.android.free/details/,New entry
179,Archero,Habby,https://www.appannie.com/apps/google-play/app/com.habby.archero/details/,New entry
180,Forge of Empires,InnoGames,https://www.appannie.com/apps/google-play/app/com.innogames.foeandroid/details/,New entry
181,Spades Plus - Card Game,Zynga,https://www.appannie.com/apps/google-play/app/net.peakgames.mobile.spades.android/details/,New entry
182,88 Fortunes - Casino Games & Free Slot Machines,Scientific Games,https://www.appannie.com/apps/google-play/app/com.ballytechnologies.f88/details/,New entry
183,"DAZN Live Fight Sports: Boxing, MMA & More",DAZN,https://www.appannie.com/apps/google-play/app/com.dazn/details/,New entry
184,MARVEL Puzzle Quest: Join the Super Hero Battle!,D3Publisher,https://www.appannie.com/apps/google-play/app/com.d3p.mpq/details/,New entry
185,The Wizard of Oz Magic Match 3,Zynga,https://www.appannie.com/apps/google-play/app/com.zynga.ozmatch/details/,New entry
186,Art of War: Legions,89Trillion,https://www.appannie.com/apps/google-play/app/com.addictive.strategy.army/details/,New entry
187,Sweet Escapes: Design a Bakery with Puzzle Games,Redemption Games,https://www.appannie.com/apps/google-play/app/com.redemptiongames.sugar/details/,New entry
188,Monster Legends,Social Point,https://www.appannie.com/apps/google-play/app/es.socialpoint.MonsterLegends/details/,New entry
189,Episode - Choose Your Story,Episode Interactive,https://www.appannie.com/apps/google-play/app/com.episodeinteractive.android.catalog/details/,New entry
190,Bingo Party - Free Casino Game to Play at Home,Avid.ly,https://www.appannie.com/apps/google-play/app/com.bingo.tour.party.crazy.free/details/,New entry
191,WWE SuperCard ‚Äì Multiplayer Card Battle Game,2K Games,https://www.appannie.com/apps/google-play/app/com.catdaddy.cat22/details/,New entry
192,Pirate Kings‚Ñ¢Ô∏è,Jelly Button,https://www.appannie.com/apps/google-play/app/com.jellybtn.cashkingmobile/details/,New entry
193,Wildscapes,Playrix,https://www.appannie.com/apps/google-play/app/com.playrix.zoo_m3.gplay/details/,New entry
194,Phase 10: World Tour,Mattel163,https://www.appannie.com/apps/google-play/app/com.mattel163.phase10/details/,New entry
195,Bingo Showdown: Free Bingo Games ‚Äì Bingo Live Game,Spicerack,https://www.appannie.com/apps/google-play/app/air.com.spicerackmedia.bingoshowdown/details/,New entry
196,War Machines: Tank Battle - Army & Military Games,Wildlife Studios,https://www.appannie.com/apps/google-play/app/com.fungames.battletanksbeta/details/,New entry
197,Azur Lane,Yostar,https://www.appannie.com/apps/google-play/app/com.YoStarEN.AzurLane/details/,New entry
198,Dreame,Dreame,https://www.appannie.com/apps/google-play/app/com.dreame.reader/details/,New entry
1,Super Sniper!,Voodoo,https://www.appannie.com/apps/google-play/app/com.mitochondriastudios.supersniper/details/,New entry
2,Luggage Please,Webedia,https://www.appannie.com/apps/google-play/app/com.scimob.bubble.xray/details/,New entry
3,Brain Test 2: Tricky Stories,Unico Studio,https://www.appannie.com/apps/google-play/app/com.unicostudio.braintest2new/details/,New entry
4,Repair Master 3D,Rollic,https://www.appannie.com/apps/google-play/app/com.quok.repairMaster3d/details/,New entry
5,Lucky Dice,Lucky King Studio,https://www.appannie.com/apps/google-play/app/com.luckydice.fun/details/,New entry
6,Ice Cream Roll,Lucky Kat Studios,https://www.appannie.com/apps/google-play/app/com.luckykat.icecreamroll/details/,New entry
7,Hyper Life,Suji Games,https://www.appannie.com/apps/google-play/app/com.redcat.hyperlife3d/details/,New entry
8,Fix the Item!,Alictus,https://www.appannie.com/apps/google-play/app/com.clowngames.fixtheitem/details/,New entry
9,SpongeBob: Krusty Cook-Off,Tilting Point,https://www.appannie.com/apps/google-play/app/com.tiltingpoint.spongebob/details/,New entry
10,Flick Chess!,Supersonic,https://www.appannie.com/apps/google-play/app/com.twostar.flickchess/details/,New entry
11,Sneak Thief 3D,Kwalee,https://www.appannie.com/apps/google-play/app/com.kwalee.sneakythief/details/,New entry
12,Bullet Bender,Lion Studios,https://www.appannie.com/apps/google-play/app/com.playCog.bulletBender/details/,New entry
13,Car Restoration 3D,Rollic,https://www.appannie.com/apps/google-play/app/com.tiplaystudio.CarRestoration3D/details/,New entry
14,Zynn,Gagasan Cerdas,https://www.appannie.com/apps/google-play/app/com.gtek.zynn/details/,New entry
15,Cube Surfer!,Voodoo,https://www.appannie.com/apps/google-play/app/com.Atinon.PassOver/details/,New entry
16,Good Slice,Voodoo,https://www.appannie.com/apps/google-play/app/com.lightneer.goodslice/details/,New entry
17,Exos Heroes,LINE Games,https://www.appannie.com/apps/google-play/app/com.linegames.exos/details/,New entry
18,My Town: Car Garage. Wash & Fix kids Car Game,My Town,https://www.appannie.com/apps/google-play/app/mytown.garage.free/details/,New entry
19,Stack Colors!,Voodoo,https://www.appannie.com/apps/google-play/app/com.redforcegames.stack.colors/details/,New entry
20,Word Picnic:Fun Word Games,Word Game Studio,https://www.appannie.com/apps/google-play/app/com.word.picnic.fun.crossword.puzzle/details/,New entry
21,Color Flow 3D,Good Job Games,https://www.appannie.com/apps/google-play/app/com.game.colorflow3d/details/,New entry
22,Get Married 3D,Gamejam,https://www.appannie.com/apps/google-play/app/com.game.jam.get.married.best.love.girl/details/,New entry
23,Night Race - Idle Car Merger,Meko Games,https://www.appannie.com/apps/google-play/app/com.Mekogames.NightRaceA/details/,New entry
24,Merge Defense 3D,MysteryTag,https://www.appannie.com/apps/google-play/app/com.tatemgames.mergedefense3d/details/,New entry
25,Sonos,Sonos,https://www.appannie.com/apps/google-play/app/com.sonos.acr2/details/,New entry
26,Idle Air Force Base,Neon Play,https://www.appannie.com/apps/google-play/app/com.neonplay.casualidleairforcebase/details/,New entry
27,Bungeet!,Voodoo,https://www.appannie.com/apps/google-play/app/com.tarbooshgames.bungeet/details/,New entry
28,Home Design : Amazing Interiors,CookApps,https://www.appannie.com/apps/google-play/app/com.cookapps.amazinginterior/details/,New entry
29,ParentsKit,Jet Applications,https://www.appannie.com/apps/google-play/app/com.parentskit.app/details/,New entry
30,Cooking Games 3D,Gamejam,https://www.appannie.com/apps/google-play/app/com.game.jam.cooking.games.best/details/,New entry
31,Frontier Justice-Return to the Wild West,Onemt,https://www.appannie.com/apps/google-play/app/and.onemt.ww/details/,New entry
32,Robot Super: Hero,Funnii,https://www.appannie.com/apps/google-play/app/com.funnii.robotsuper.offlinegames/details/,New entry
33,Hundred Soul : The Last Savior,Hound13,https://www.appannie.com/apps/google-play/app/com.hound13.hundredsoulglobal/details/,New entry
34,"PREQUEL: Filters, Effects & Editing",Prequel,https://www.appannie.com/apps/google-play/app/com.prequel.app/details/,New entry
35,IRL - Social Calendar,IRL App,https://www.appannie.com/apps/google-play/app/co.irl.android/details/,New entry
36,Funny Voice - Make your voice more interesting.,Juan Upchurch,https://www.appannie.com/apps/google-play/app/com.funny.voice/details/,New entry
37,Hero Cantare with WEBTOON‚Ñ¢,Ngel Games,https://www.appannie.com/apps/google-play/app/com.ngelgames.herocantare/details/,New entry
38,Skins Master for Minecraft PE,DUCSTUDIO,https://www.appannie.com/apps/google-play/app/com.minecraft.mcpe.skins.master/details/,New entry
39,OnlyFans,Ciclops Media,https://www.appannie.com/apps/google-play/app/com.coffye.apponlyfans/details/,New entry
40,Dragon Drill,WinterGameStudio,https://www.appannie.com/apps/google-play/app/comme.dragondrill.minigame/details/,New entry
41,Bullet Echo,ZeptoLab,https://www.appannie.com/apps/google-play/app/com.zeptolab.bulletecho.google/details/,New entry
42,Stick With It,Sam Hogan,https://www.appannie.com/apps/google-play/app/com.trickshotlabs.stickwithit/details/,New entry
43,Classic Solitaire,BIG CAKE APPS,https://www.appannie.com/apps/google-play/app/com.solitaire.card/details/,New entry
44,Cartoona Photo Editor,Creative Bits,https://www.appannie.com/apps/google-play/app/com.cartoona/details/,New entry
45,Rust+,Facepunch Studios,https://www.appannie.com/apps/google-play/app/com.facepunch.rust.companion/details/,New entry
46,inSecret,DevGenius,https://www.appannie.com/apps/google-play/app/com.insecret.insecret/details/,New entry
47,Save The Fish!,MesibaGames,https://www.appannie.com/apps/google-play/app/com.mesibagames.SaveTheFish/details/,New entry
48,Xstar: Sleep and Mindfu,Xstar Plus,https://www.appannie.com/apps/google-play/app/com.el2020xstar.xstar/details/,New entry
49,Sling Puck 3D Challenge,David Vardi,https://www.appannie.com/apps/google-play/app/com.gr8media.slingpuck/details/,New entry
50,maybe: Interactive Stories,Cinamon,https://www.appannie.com/apps/google-play/app/com.cinamongames.maybegv/details/,New entry
51,Shows worth (re) watching,"Ultra Labs, Inc.",https://www.appannie.com/apps/google-play/app/my.com.showsworth.rewatching/details/,New entry
52,Wind Speed Cleaner,Yanyan team,https://www.appannie.com/apps/google-play/app/wind.breath.smile.reve/details/,New entry
53,Silver Luxury Watch Wallpaper and Keyboard,Gif Keyboard Themes for Android,https://www.appannie.com/apps/google-play/app/silver.luxury.watch.wallpaper.live.keyboard/details/,New entry
54,"Braindom: Tricky Brain Puzzle, Mind Games,IQ Test",Matchingham Games,https://www.appannie.com/apps/google-play/app/com.braindom/details/,New entry
55,Doorman Story: Hotel team tycoon,ADQUANTUM LTD,https://www.appannie.com/apps/google-play/app/com.rmg.hotelteam/details/,New entry
56,KartRider Rush+,NEXON,https://www.appannie.com/apps/google-play/app/com.nexon.kart/details/,New entry
57,Shadow Knight: Deathly Adventure RPG,Fansipan Limited,https://www.appannie.com/apps/google-play/app/com.fansipan.stickman.fight.shadow.knights/details/,New entry
58,Free HD Movies 2020,Watch Free Movies Free Trailer,https://www.appannie.com/apps/google-play/app/com.movies.free.hd2020/details/,New entry
59,Crazy Cazboys,Crazy Cazboy,https://www.appannie.com/apps/google-play/app/com.crazycazboy.crazycazboys/details/,New entry
60,Last Hero: Roguelike Shooting Game,SuperNova,https://www.appannie.com/apps/google-play/app/com.supernova.ggplay.lastherodotd/details/,New entry
61,Size Race,Rainbow Entertainment Ltd,https://www.appannie.com/apps/google-play/app/com.rainbowentertainment.tirescale/details/,New entry
62,Dog Condo,Maple Studios,https://www.appannie.com/apps/google-play/app/com.dog.condo.merge.idle.android/details/,New entry
63,Super Cleaner - Most Effective & Free Cleaner App,TISHA EVERETT,https://www.appannie.com/apps/google-play/app/com.supercleaner.bestbooster.cpucooler.extendbatteryusage.memory.powerfultool/details/,New entry
64,Hero Strike 3D,Kwalee,https://www.appannie.com/apps/google-play/app/com.kwalee.superherosunset/details/,New entry
65,Crazy Roulette - Best roulette game ever,Shapekeeper,https://www.appannie.com/apps/google-play/app/com.iw.android.roulette/details/,New entry
66,Pixel Match 3D,Translimit,https://www.appannie.com/apps/google-play/app/jp.co.translimit.pixelcut/details/,New entry
67,Fish Crush 2 - 2020 Match 3 Puzzle Free New,Yunbu Game Studio,https://www.appannie.com/apps/google-play/app/com.yunbu.fish.crush2.free/details/,New entry
68,Free Robux Loto 2020,IVM games,https://www.appannie.com/apps/google-play/app/com.htfr.free.robux.loto2020/details/,New entry
69,Paint Brawl 3D,KobGames,https://www.appannie.com/apps/google-play/app/com.kob.paintbrawl3d/details/,New entry
70,Mother Simulator: Family Life,"Skytec Games, Inc.",https://www.appannie.com/apps/google-play/app/com.mothersimulator3d2/details/,New entry
71,Smash,Voodoo,https://www.appannie.com/apps/google-play/app/io.voodoo.smash/details/,New entry
72,zynn money,maryseto,https://www.appannie.com/apps/google-play/app/com.zynn.howtomakemoneyonline/details/,New entry
73,Piggy chapter 1,Lio Games,https://www.appannie.com/apps/google-play/app/com.yonkogames.piggy/details/,New entry
74,Car Industry Tycoon - Idle Car Factory Simulator,Adrian Zarzycki,https://www.appannie.com/apps/google-play/app/com.AdrianZarzycki.idle.incremental.car.industry.tycoon/details/,New entry
75,Idle Arks: Build at Sea,Bug-free Studio,https://www.appannie.com/apps/google-play/app/com.xtt.iasurv2/details/,New entry
76,Jade Sword,4399,https://www.appannie.com/apps/google-play/app/com.jllen.an.en4399/details/,New entry
77,Bubble Shooter,Words Mobile,https://www.appannie.com/apps/google-play/app/com.lyd.bubble/details/,New entry
78,Cooking Festival,BoomBit,https://www.appannie.com/apps/google-play/app/com.boombit.cooking.festival/details/,New entry
79,"Cool Cleaner - Best, Latest and Free Phone Cleaner",aileen genens,https://www.appannie.com/apps/google-play/app/com.coolcleaner.bestcleanerboostercpucooler.batterysaver.cleanjunkcache.speedupphone/details/,New entry
80,Trivia Hit Race,Roman Kislenko,https://www.appannie.com/apps/google-play/app/com.romank.triviahitrace/details/,New entry
81,Baby Panda's Life: Cleanup,BabyBus,https://www.appannie.com/apps/google-play/app/com.sinyee.babybus.organizedII/details/,New entry
82,Piggy Granny Obby Escape roblx mod,Obby Escape Roblox,https://www.appannie.com/apps/google-play/app/com.FranceBakon.ScaryPiggyGrannyRoblox/details/,New entry
83,Spiro Art - ASMR Game,Voodoo,https://www.appannie.com/apps/google-play/app/com.germanicus.spiro/details/,New entry
84,Siren Head SCP 6789 MOD,Granny simulator Games,https://www.appannie.com/apps/google-play/app/com.DefaultCompany.SCPSirenHead/details/,New entry
85,777 Slotoday Slot machine games - Free Vegas Slots,NEOWIZ,https://www.appannie.com/apps/google-play/app/com.neowiz.casino.slots.classic.slot.machine/details/,New entry
86,Perfect Kick 2 - Online SOCCER game,Gamegou,https://www.appannie.com/apps/google-play/app/com.gamegou.perfectkick2/details/,New entry
87,Tiny Kingdom,IEC Games,https://www.appannie.com/apps/google-play/app/com.iecca.tiny.kingdom/details/,New entry
88,Pedometer - Step Counter & Tracking Your Steps,Healthy Everyday,https://www.appannie.com/apps/google-play/app/com.healthyeveryday.pedometer.stepcounter/details/,New entry
89,Angry Crocodile Game: New Wild Hunting Games,GamePark,https://www.appannie.com/apps/google-play/app/com.gp.angry.crocodile.simulator.attack.hunting.games/details/,New entry
90,Slingshot Wreck,Azur Interactive Games,https://www.appannie.com/apps/google-play/app/slingshot.building.destroy/details/,New entry
91,Spintimes Mudfest - Offroad Driving Games,Limitless - Free Games,https://www.appannie.com/apps/google-play/app/com.trucks.offroad.spintimes/details/,New entry
92,Pendulums 3D,Atom Entertainment,https://www.appannie.com/apps/google-play/app/com.AtomEntertainment.Pendulums3D/details/,New entry
93,Dino Games - Hunting Expedition Wild Animal Hunter,Limitless - Free Games,https://www.appannie.com/apps/google-play/app/com.dinosaur.games.dinosaurgames.games/details/,New entry
94,Embroidery,SalamLive Corporation S.P.C,https://www.appannie.com/apps/google-play/app/com.embroidery.game/details/,New entry
95,Captain Remastered Real Gangster Miami Crime,Powers Bumreplom,https://www.appannie.com/apps/google-play/app/com.thor.vaiking.hero.gta.gangster/details/,New entry
96,Full Movies HD 2020 - Free Movies trailer,Watch Free Movies Free Trailer,https://www.appannie.com/apps/google-play/app/com.gotheme.download.free.movies.free/details/,New entry
98,Car Hill Racing,FreshyAppsdinta,https://www.appannie.com/apps/google-play/app/com.fastcgi.studio.game.carhill.racing/details/,New entry
99,Addons For Minecraft 2020,Dedo Studio,https://www.appannie.com/apps/google-play/app/com.mcpe.addons.mods.minecraftpe/details/,New entry
100,Screen Mirroring HD - Cast to Screen TV,Android Does Team,https://www.appannie.com/apps/google-play/app/com.cast.screen.x.castto/details/,New entry
101,Super Bright Flashlight - Lighting Brightly,Best tools ever,https://www.appannie.com/apps/google-play/app/flashlight.free.light.bright.torch/details/,New entry
102,Moe! Ninja Girls RPG: SHINOBI,NTT Solmare,https://www.appannie.com/apps/google-play/app/com.nttsolmare.game.android.rpg/details/,New entry
103,Zynn Guide & Tips,AZEDDINE DEVLOPER,https://www.appannie.com/apps/google-play/app/com.zyntips.earnmoneyfree.showtips/details/,New entry
104,zombie comando shooting:offline fps military-games,FREE SHOOTING FPS GAME DEV,https://www.appannie.com/apps/google-play/app/com.Fps.Gun.Ganes.Free.fair.zombie.shooting.apps/details/,New entry
105,Texas Holdem Poker : House of Poker,NEOWIZ,https://www.appannie.com/apps/google-play/app/com.neowiz.texasholdem.poker/details/,New entry
106,Cupid's Arrow,Piskun Developer,https://www.appannie.com/apps/google-play/app/com.cupid.arrow.puzzle/details/,New entry
107,Word Peace - New Word Game & Puzzles,Dream Word Games,https://www.appannie.com/apps/google-play/app/com.fun9games.word.cross/details/,New entry
108,Expedite Cleaner S,Du Ke,https://www.appannie.com/apps/google-play/app/qnog.d11.bett.ynnr.turne/details/,New entry
109,Is It Love? Jake - Decisions (New Episode),1492 Studio,https://www.appannie.com/apps/google-play/app/net.isitlove.cartercorp.jake/details/,New entry
110,Hot Puzzle,Vasylieva Creator,https://www.appannie.com/apps/google-play/app/com.hotpuzzlegame.chidev/details/,New entry
111,Mythical Society,Mythical Entertainment,https://www.appannie.com/apps/google-play/app/com.mythicalsociety.app/details/,New entry
112,Rapid Cleaner U,Eric Shock,https://www.appannie.com/apps/google-play/app/ruct.wopo1.zcmy.ttrc.xtrmz/details/,New entry
113,üë®‚Äçüë©‚Äçüëß‚Äçüë¶ Family Circle +,ANT Games & Tools,https://www.appannie.com/apps/google-play/app/com.newgeolocatorplusv25.finddevices/details/,New entry
114,Katana Master,OneSoft,https://www.appannie.com/apps/google-play/app/com.os.falcon.vgames.katana.master/details/,New entry
115,Virtual Sim Story: Dream Life,App Holdings,https://www.appannie.com/apps/google-play/app/com.foxieventures.virtualworldlifesim/details/,New entry
116,My Wolf Girlfriend: Anime Dating Sim,Genius Studio Japan Inc.,https://www.appannie.com/apps/google-play/app/studio.genius.wolfbishoujo/details/,New entry
117,Lucky Blast,Lucky King Studio,https://www.appannie.com/apps/google-play/app/com.lucky.luckycube/details/,New entry
118,ZENONZARD- Artificial Card Intelligence,BANDAI NAMCO,https://www.appannie.com/apps/google-play/app/com.bandai.zzarden/details/,New entry
119,The Crafters 13,akseno2,https://www.appannie.com/apps/google-play/app/the.crafters.thirteen/details/,New entry
120,Minimal Dungeon RPG,CapPlay,https://www.appannie.com/apps/google-play/app/com.capplay.mdrpg/details/,New entry
121,Battle Mechadino : Triceratops,MilliMilli,https://www.appannie.com/apps/google-play/app/com.MilliMilli.Triceratops/details/,New entry
122,Music Player - HD Video Player & Media Player,Mobile V5,https://www.appannie.com/apps/google-play/app/media.video.music.musicplayer/details/,New entry
123,Sto Cleaner,danielpei team,https://www.appannie.com/apps/google-play/app/meapd.mehdiapd.apdd.daad/details/,New entry
124,Yasa Pets Town,Yasa Ltd,https://www.appannie.com/apps/google-play/app/com.yasapets.town/details/,New entry
125,WHO Lite - Live video chat & Match & Meet me,Scorp,https://www.appannie.com/apps/google-play/app/com.scorp.wholite/details/,New entry
126,Funny Voice - Magic Sound Effects & Voice Modifier,Hantata Team,https://www.appannie.com/apps/google-play/app/com.hantata.voicechanger/details/,New entry
127,Kung Fu Attack 4 - Shadow Legends Fight,Hs Soft,https://www.appannie.com/apps/google-play/app/com.hssoft.KungFuAttack4/details/,New entry
128,4 Pics 1 Word Cookie,LazyDog Game,https://www.appannie.com/apps/google-play/app/word.games.puzzle.four.pics.one.word.cookies.free/details/,New entry
129,Stick Ragdoll Playground: Craft People,SolidGames,https://www.appannie.com/apps/google-play/app/com.solidgames.stickcraftplayground/details/,New entry
130,Global War: Zombies,Leyi Network,https://www.appannie.com/apps/google-play/app/leyi.globalwar/details/,New entry
131,Play Go.,Lord Backup,https://www.appannie.com/apps/google-play/app/com.lordbackupv2.playgo/details/,New entry
132,Color Cut 3D,Good Job Games,https://www.appannie.com/apps/google-play/app/com.game.colorcut/details/,New entry
133,Escape game:home town adventure 2,BusColdApp,https://www.appannie.com/apps/google-play/app/com.coldapp.hometownadventure2/details/,New entry
134,Hope City: Zombie,Tap4Fun,https://www.appannie.com/apps/google-play/app/com.tap4fun.waronwheels.gplay/details/,New entry
135,Dragon Mod MCPE - Addons for Minecraft PE,Private Message LLC,https://www.appannie.com/apps/google-play/app/com.fx.minecraftmods.minecraftaddons.minecraftpe.mcpe/details/,New entry
136,"Dirty Things - Meet, Chat & Dating",ChipetzApps,https://www.appannie.com/apps/google-play/app/com.dirtythings.app/details/,New entry
137,Fitness Home - Healthy Living Companion,My Home Apps,https://www.appannie.com/apps/google-play/app/com.home.exercise.fitness.health/details/,New entry
138,Blast Fever - Toy Story,Xinyue games,https://www.appannie.com/apps/google-play/app/com.tapmatch.blastfever.free/details/,New entry
139,Jackpot Fever ‚Äì Free Vegas Slot Machines,Bole Games,https://www.appannie.com/apps/google-play/app/slots.dcg.casino.games.free.android/details/,New entry
140,Phone Cleaner - Ram booster & Battery Saver,InnoVison Studio,https://www.appannie.com/apps/google-play/app/com.mobi.overseas.phone.cleaner/details/,New entry
141,Love Pins,Supersonic,https://www.appannie.com/apps/google-play/app/jp.icepop.steppuzzle/details/,New entry
142,Love video and image saverüíã,Bambovibe,https://www.appannie.com/apps/google-play/app/com.junesavervibe.app/details/,New entry
143,Kid-E-Cats: Hospital for animals. Injections,PSV Studio,https://www.appannie.com/apps/google-play/app/com.cats.hospital_injections/details/,New entry
144,Word Forest - Free Word Games Puzzle,Platinum Player,https://www.appannie.com/apps/google-play/app/com.word.forest.android/details/,New entry
145,Secret Mobile Codes : Secret Tricks,Ravi Techno Apps,https://www.appannie.com/apps/google-play/app/com.ravitechno.mobile.secretcodes/details/,New entry
146,Black Hole Hero : Vice Vegas Rope Mafia,HGamesArt,https://www.appannie.com/apps/google-play/app/com.hgamesart.blackholehero/details/,New entry
147,Real Robot Car Transform :Car Driving Robot Games,Jasmine Sopumlrep,https://www.appannie.com/apps/google-play/app/amazing.robot.car.city.battle/details/,New entry
148,Funny Play - KidZoom Vidio,Feynoyo studio,https://www.appannie.com/apps/google-play/app/com.dollcute.funnybabyvideos/details/,New entry
149,Guide for Netflix Tricks 2020,Movies Box Hints,https://www.appannie.com/apps/google-play/app/com.streamapp.forGuides.netflixguide/details/,New entry
150,Block Crush-Classic Color Block Game,Baronwsllis Game,https://www.appannie.com/apps/google-play/app/com.mygame.block.puzzle.crash.casual/details/,New entry
151,Procreate Lite Sketching,Smart Pocket Ltd.,https://www.appannie.com/apps/google-play/app/com.procreator.lite/details/,New entry
152,FreePrints Gifts ‚Äì Fast & Easy,PlanetArt,https://www.appannie.com/apps/google-play/app/com.planetart.fpgifts.ww/details/,New entry
153,Dime Ingles,EducUp,https://www.appannie.com/apps/google-play/app/com.vieraacademy.dimeingles/details/,New entry
154,Sudoku Simple,MobilityWare,https://www.appannie.com/apps/google-play/app/com.mobilityware.Sudoku/details/,New entry
155,Rumble Hockey,Frogmind,https://www.appannie.com/apps/google-play/app/com.frogmind.rumblehockey/details/,New entry
156,Commando Secret Action : 3D New Team Shooting Game,Enjoy.GameStudio.Fun,https://www.appannie.com/apps/google-play/app/com.gun.shoot.zombie.action/details/,New entry
157,Papo Town Apartment,Color Network,https://www.appannie.com/apps/google-play/app/com.papoworld.apps.papotownapartment/details/,New entry
158,Two Match: Free Puzzle game to Connect tile pairs,FlinkStudio,https://www.appannie.com/apps/google-play/app/com.bigpixy.twomatch/details/,New entry
159,Solitaire Win,xingchenrain,https://www.appannie.com/apps/google-play/app/com.soybean.solitaire.win/details/,New entry
160,True Love - Flirt app,GerdaKeva,https://www.appannie.com/apps/google-play/app/com.truelove.app.good/details/,New entry
161,Super Loud Speaker Booster,4TForLive,https://www.appannie.com/apps/google-play/app/com.music.sound.richter.volume.booster.equalizer/details/,New entry
162,FGTeev Fake Video Call 2,Simple Cool,https://www.appannie.com/apps/google-play/app/com.fgteevonline.fgtvchat.fgtvcall.fgtvvideocall/details/,New entry
163,Pres Cleaner,williamlf studio,https://www.appannie.com/apps/google-play/app/com.dqsj.animator.alphas/details/,New entry
164,Match Town Makeover: Your town is your puzzle,G5 Entertainment,https://www.appannie.com/apps/google-play/app/com.g5e.matchtownmakeover.android/details/,New entry
165,Siren Head Game,Saturno Systems,https://www.appannie.com/apps/google-play/app/com.SaturnoSystems.SirenHead/details/,New entry
166,Sleep Oasis - Relaxing music,Janice Edmund,https://www.appannie.com/apps/google-play/app/com.oasis.sleep/details/,New entry
167,HotFlirt: friends with benefits.,SugarD,https://www.appannie.com/apps/google-play/app/com.chatforadults.omgyx/details/,New entry
168,Superhero Santa Claus Crime City rope hero,Jasmine Sopumlrep,https://www.appannie.com/apps/google-play/app/amazing.santa.claus.rope.hero.city.mafia.crime/details/,New entry
169,The Siren Head Voice,Levitt8 Technologies,https://www.appannie.com/apps/google-play/app/com.levitt8.the_siren_head_sound/details/,New entry
170,Fishing Tycoon,Kendick.inc,https://www.appannie.com/apps/google-play/app/com.game.fishing.tycoon.new.fun/details/,New entry
171,Craft Auto Crime for Minecraft PE,Xikltyso,https://www.appannie.com/apps/google-play/app/com.crime.craft.auto/details/,New entry
172,Miami Mafia Gangster Street Crime Simulator,Powers Bumreplom,https://www.appannie.com/apps/google-play/app/com.grand.mafia.miami.gangsters.gta/details/,New entry
173,Baby Panda: Cooking Party,BabyBus,https://www.appannie.com/apps/google-play/app/com.sinyee.babybus.diet/details/,New entry
174,CKN Toys: Car Hero,Colto,https://www.appannie.com/apps/google-play/app/com.colto.cknrunner/details/,New entry
175,Call Siren Head chat + video call (Simulation),Mod games,https://www.appannie.com/apps/google-play/app/com.call.siren.head.game/details/,New entry
176,Wild Robot Shark Attack - Transforming Shark Robot,Nelson Barrett,https://www.appannie.com/apps/google-play/app/com.robot.shark.transformer/details/,New entry
177,Twilight Fangs: Romance you Choose,Genius Inc,https://www.appannie.com/apps/google-play/app/com.genius.halfblood/details/,New entry
178,Coin Pusher+,Lucky Coins,https://www.appannie.com/apps/google-play/app/com.lucky.coin.pusher.big.prize/details/,New entry
179,Crazy Blast - Magic match 3 game,"Best & Free Games, BFG",https://www.appannie.com/apps/google-play/app/com.freegame.crazyblast/details/,New entry
180,Immortal Captain Hero Flying Spider Rescue Mission,Powers Bumreplom,https://www.appannie.com/apps/google-play/app/com.spider.superhero.captain.rope.hero/details/,New entry
181,Free Robux - Stack Blocks,Shapes Games,https://www.appannie.com/apps/google-play/app/com.shapes.stack.blocks/details/,New entry
182,Star Chef‚Ñ¢ 2: Cooking Game,Star Chef LLC,https://www.appannie.com/apps/google-play/app/com.NNGames.starchef_2/details/,New entry
183,Fitbod Gym & Home Workout Log,Fitbod,https://www.appannie.com/apps/google-play/app/com.fitbod.fitbod/details/,New entry
184,Jump and Smash 3d,Zhakaas Games LLP,https://www.appannie.com/apps/google-play/app/com.zhakaas.jumpandsmash3d/details/,New entry
185,Slots O'Clock Casino,LNPgames,https://www.appannie.com/apps/google-play/app/com.lnp.slotoclock/details/,New entry
186,Gun Builder 3D,Green Panda,https://www.appannie.com/apps/google-play/app/com.gpp.gunbuilder/details/,New entry
187,PIGGY Scary Mod Escape Granny House,Kass-dev,https://www.appannie.com/apps/google-play/app/com.piggy.scary.kassdev/details/,New entry
188,Drink water reminder,Drink Water Reminder App,https://www.appannie.com/apps/google-play/app/com.app.health.reminder.drink.water/details/,New entry
189,Scary Math Teacher School Education,Meveex LLC,https://www.appannie.com/apps/google-play/app/com.neyborver.hellohomey.schoolneb/details/,New entry
190,"Escaping the prison, funny adventure",pufffballsUnited,https://www.appannie.com/apps/google-play/app/puffballsunited.prison/details/,New entry
191,Solitaire - Harvest Day,LazyDog Game,https://www.appannie.com/apps/google-play/app/solitaire.tripeaks.hayday.farm.grand.harvest.day.free/details/,New entry
192,Device Pulse,TracFone Wireless,https://www.appannie.com/apps/google-play/app/com.tracfone.preload.accountservices/details/,New entry
193,Honda FCU Mobile,Honda Federal Credit Union,https://www.appannie.com/apps/google-play/app/com.hondafederalcreditunion4120.mobile/details/,New entry
194,Dragon shadow Warriors - Stickman Fighter,ZBall Dragon,https://www.appannie.com/apps/google-play/app/com.zdragon.ball.stickwarriors.fighter.shadow.pro/details/,New entry
195,Baldi's Basics Roblox's Bakon Mod Baldi,Emma Best Game,https://www.appannie.com/apps/google-play/app/baldi.basic.game.education.horror.emmadev/details/,New entry
196,Pin Rescue - pull the pin,Nox Ltd,https://www.appannie.com/apps/google-play/app/com.noxgroup.game.pinrescue.android/details/,New entry
197,Anime Plus,Fantasy Anime Plus LLC,https://www.appannie.com/apps/google-play/app/com.donzo.animeplus/details/,New entry
198,Rainbow Slots -Free Casino Las Vegas slot machines,777Loot - BIG Win Slot machine poker Casino Games,https://www.appannie.com/apps/google-play/app/com.WildLoots.RainBowSlots/details/,New entry
199,Free Robux Sneaky Thief,CyberCat Studio,https://www.appannie.com/apps/google-play/app/com.cybercatstudio.sneakythief/details/,New entry
200,"QR Code Reader - Barcode Scanner, QR Scanner Free",Royal Fitness Apps,https://www.appannie.com/apps/google-play/app/com.qrscanner.qrcodereader.qrcodescanner.barcodereader.forandroid/details/,New entry
49,Grand Theft Auto III,Rockstar Games,https://www.appannie.com/apps/google-play/app/com.rockstar.gta3/details/,Rank gainer
51,Stellarium Mobile PLUS - Star Map,Noctua,https://www.appannie.com/apps/google-play/app/com.noctuasoftware.stellarium_plus/details/,Rank gainer
59,Bouncer - Temporary App Permissions,Sam Ruston,https://www.appannie.com/apps/google-play/app/com.samruston.permission/details/,Rank gainer
70,Cytus II,Rayark,https://www.appannie.com/apps/google-play/app/com.rayark.cytus2/details/,Rank gainer
77,TouchRetouch,ADVA Soft,https://www.appannie.com/apps/google-play/app/com.advasoft.touchretouch/details/,Rank gainer
88,Monument Valley,ustwo,https://www.appannie.com/apps/google-play/app/com.ustwo.monumentvalley/details/,Rank gainer
105,Incredibox,So Far So Good,https://www.appannie.com/apps/google-play/app/com.sofarsogood.incredibox/details/,Rank gainer
120,Bridge Constructor Portal,Headup,https://www.appannie.com/apps/google-play/app/com.headupgames.bridgeconstructorportal/details/,Rank gainer
127,Toca Life: Vacation,Toca Boca,https://www.appannie.com/apps/google-play/app/com.tocaboca.tocavacation/details/,Rank gainer
138,Project Highrise,Kalypso Media Group,https://www.appannie.com/apps/google-play/app/com.kalypsomedia.projecthighrise/details/,Rank gainer
141,GRID‚Ñ¢ Autosport,Feral Interactive,https://www.appannie.com/apps/google-play/app/com.feralinteractive.gridas/details/,Rank gainer
143,3D Geeks ü§ì: Premium License for 3D Printing,2B Works,https://www.appannie.com/apps/google-play/app/work.twob.threed.premium/details/,Rank gainer
146,Toca Life: Office,Toca Boca,https://www.appannie.com/apps/google-play/app/com.tocaboca.tocaoffice/details/,Rank gainer
154,Where's My Water?,Disney,https://www.appannie.com/apps/google-play/app/com.disney.WMW/details/,Rank gainer
156,FINAL FANTASY VII,SQUARE ENIX,https://www.appannie.com/apps/google-play/app/com.square_enix.android_googleplay.FFVII/details/,Rank gainer
159,RadarOmega,Storm Mapping,https://www.appannie.com/apps/google-play/app/com.radarx.stormmapping.stormmapping/details/,Rank gainer
161,Couch to 5K¬Æ,ActiveNetwork,https://www.appannie.com/apps/google-play/app/com.active.aps.c25k/details/,Rank gainer
163,My PlayHome : Play Home Doll House,Shimon Young : Play Home Software,https://www.appannie.com/apps/google-play/app/com.playhome/details/,Rank gainer
165,Toca Life: Town,Toca Boca,https://www.appannie.com/apps/google-play/app/com.tocaboca.tocatown/details/,Rank gainer
173,tinyCam PRO - Swiss knife to monitor IP cam,Tiny Solutions LLC,https://www.appannie.com/apps/google-play/app/com.alexvas.dvr.pro/details/,Rank gainer
179,Doodle God‚Ñ¢,JoyBits,https://www.appannie.com/apps/google-play/app/joybits.doodlegod/details/,Rank gainer
