Rank,Name,Company,Link
1,Minecraft,Mojang,https://www.appannie.com/apps/ios/app/minecraft-pocket-edition/details/
2,5-0 Radio Pro Police Scanner,Rego apps,https://www.appannie.com/apps/ios/app/5-0-radio-pro-police-scanner/details/
3,Monopoly,Marmalade,https://www.appannie.com/apps/ios/app/monopoly-2/details/
4,Plague Inc.,Ndemic Creations,https://www.appannie.com/apps/ios/app/plague-inc/details/
5,Procreate Pocket,Savage Interactive,https://www.appannie.com/apps/ios/app/procreate-pocket/details/
6,True Skate,True Axis,https://www.appannie.com/apps/ios/app/true-skate/details/
7,Colossill Gram,JM Social Media LLC,https://www.appannie.com/apps/ios/app/colossill-gram/details/
8,Bloons TD 6,Ninja Kiwi,https://www.appannie.com/apps/ios/app/bloons-td-6/details/
9,HotSchedules,HotSchedules,https://www.appannie.com/apps/ios/app/hotschedules/details/
10,Geometry Dash,RobTop,https://www.appannie.com/apps/ios/app/geometry-dash/details/
11,Grand Theft Auto: San Andreas,Rockstar Games,https://www.appannie.com/apps/ios/app/763692274/details/
12,FlickType Keyboard,"Kpaw, LLC",https://www.appannie.com/apps/ios/app/flicktype-keyboard/details/
13,The Game of Life,Marmalade,https://www.appannie.com/apps/ios/app/the-game-of-life-2016-edition/details/
14,Facetune,Lightricks,https://www.appannie.com/apps/ios/app/facetune/details/
15,NBA 2K20,2K Games,https://www.appannie.com/apps/ios/app/nba-2k20/details/
16,TouchRetouch,ADVA Soft,https://www.appannie.com/apps/ios/app/touchretouch/details/
17,Dark Sky Weather,Apple,https://www.appannie.com/apps/ios/app/dark-sky-weather-radar-hyperlocal/details/
18,Clue: The Classic Mystery Game,Marmalade,https://www.appannie.com/apps/ios/app/clue-the-classic-mystery-game/details/
19,Terraria,505 Games,https://www.appannie.com/apps/ios/app/640364616/details/
20,AutoSleep Track Sleep on Watch,Tantsissa,https://www.appannie.com/apps/ios/app/autosleep-track-sleep-from/details/
21,Five Nights at Freddy's,"Clickteam, LLC",https://www.appannie.com/apps/ios/app/five-nights-at-freddys-2-3/details/
22,The Wonder Weeks,Domus Technica,https://www.appannie.com/apps/ios/app/the-wonder-weeks-2/details/
23,Papa's Freezeria To Go!,Flipline,https://www.appannie.com/apps/ios/app/papas-freezeria-to-go/details/
24,Bloons TD 5,Ninja Kiwi,https://www.appannie.com/apps/ios/app/bloons-td-5/details/
25,Hear My Baby Heartbeat App,Fat Cigar Productions,https://www.appannie.com/apps/ios/app/1111420122/details/
26,Sky Guide,Fifth Star,https://www.appannie.com/apps/ios/app/sky-guide-view-stars-night/details/
27,Ultimate Custom Night,"Clickteam, LLC",https://www.appannie.com/apps/ios/app/ultimate-custom-night/details/
28,SkyView®,Terminal Eleven,https://www.appannie.com/apps/ios/app/404990064/details/
29,Rebel Inc.,Ndemic Creations,https://www.appannie.com/apps/ios/app/rebel-inc/details/
30,Dokk OS,David Desrochers,https://www.appannie.com/apps/ios/app/dokk-os/details/
31,Five Nights at Freddy's 2,"Clickteam, LLC",https://www.appannie.com/apps/ios/app/five-nights-at-freddys-2/details/
32,Arcadia - Arcade Watch Games,Raffaele D'Amato,https://www.appannie.com/apps/ios/app/arcadia-arcade-watch-games/details/
33,Forest - Stay focused,Gyro Games,https://www.appannie.com/apps/ios/app/forest-stay-focused-be-present/details/
34,Getting Over It,Bennett Foddy,https://www.appannie.com/apps/ios/app/getting-over-it-3/details/
35,Rarevision VHS - Retro 80s Cam,Rarevision,https://www.appannie.com/apps/ios/app/vhs-camcorder/details/
36,The Escapists: Prison Escape,Team17,https://www.appannie.com/apps/ios/app/the-escapists/details/
37,Farming Simulator 20,Giants Software,https://www.appannie.com/apps/ios/app/farming-simulator-20/details/
38,Shadowrocket,XBuding,https://www.appannie.com/apps/ios/app/shadowrocket-for-shadowsocks/details/
39,Hi Monkey - Quick Chat,Mohammed Essabbar,https://www.appannie.com/apps/ios/app/hi-monkey-quick-chat/details/
40,Papa's Sushiria To Go!,Flipline,https://www.appannie.com/apps/ios/app/papas-sushiria-to-go/details/
41,Assassin's Creed Identity,Ubisoft,https://www.appannie.com/apps/ios/app/880971164/details/
42,ACNH Travel Guide,Jeffrey Kuiken,https://www.appannie.com/apps/ios/app/acnh-travel-guide/details/
43,J23 - Release Dates & Restocks,Matt Berg,https://www.appannie.com/apps/ios/app/j23-jordan-release-dates-and-history/details/
44,Stylebook,left brain right brain,https://www.appannie.com/apps/ios/app/stylebook/details/
45,Grand Theft Auto: Vice City,Rockstar Games,https://www.appannie.com/apps/ios/app/grand-theft-auto-vice-city-2/details/
46,Pocket God,BoltCreative,https://www.appannie.com/apps/ios/app/pocket-god/details/
47,Police Scanner +⁺,Rego apps,https://www.appannie.com/apps/ios/app/police-scanner-2-3/details/
48,Five Nights at Freddy's: SL,"Clickteam, LLC",https://www.appannie.com/apps/ios/app/five-nights-at-freddys-sister-location/details/
49,Exploding Kittens®,Exploding Kittens,https://www.appannie.com/apps/ios/app/exploding-kittens-official/details/
50,Scanner Pro: PDF Scanner App,Readdle,https://www.appannie.com/apps/ios/app/scanner-pro-by-readdle/details/
51,Five Nights at Freddy's 4,"Clickteam, LLC",https://www.appannie.com/apps/ios/app/1023146677/details/
52,Escapists 2: Pocket Breakout,Team17,https://www.appannie.com/apps/ios/app/escapists-2-pocket-breakout/details/
53,Cute CUT Pro,MobiVio,https://www.appannie.com/apps/ios/app/cute-cut-pro-full-featured/details/
54,Board Games Collection,Marmalade,https://www.appannie.com/apps/ios/app/board-games-collection-2/details/
55,Puffin Browser Pro,CloudMosa,https://www.appannie.com/apps/ios/app/puffin-web-browser/details/
56,Human: Fall Flat,505 Games,https://www.appannie.com/apps/ios/app/human-fall-flat-3/details/
57,Toca Kitchen 2,Toca Boca,https://www.appannie.com/apps/ios/app/toca-kitchen-2/details/
58,Goat Simulator,Coffee Stain,https://www.appannie.com/apps/ios/app/goat-simulator/details/
59,Stardew Valley,Chucklefish,https://www.appannie.com/apps/ios/app/stardew-valley/details/
60,Superimpose,Pankaj Goswami,https://www.appannie.com/apps/ios/app/superimpose-2/details/
61,Pou,Zakeh,https://www.appannie.com/apps/ios/app/pou/details/
62,Hurricane Tracker,EZ Apps,https://www.appannie.com/apps/ios/app/hurricane-tracker/details/
63,Call of Duty: Black Ops Zombies,Activision Publishing,https://www.appannie.com/apps/ios/app/call-of-duty-black-ops-zombies/details/
64,Scribblenauts Remix,Warner Bros,https://www.appannie.com/apps/ios/app/scribblenauts-remix/details/
65,Apocalypse Inc.,Nikolay Partas,https://www.appannie.com/apps/ios/app/apocalypse-inc/details/
66,Five Nights at Freddy's 3,"Clickteam, LLC",https://www.appannie.com/apps/ios/app/five-nights-at-freddys-3/details/
67,Broadcastify Pro,RadioReference.com,https://www.appannie.com/apps/ios/app/broadcastify-pro/details/
68,Bully: Anniversary Edition,Rockstar Games,https://www.appannie.com/apps/ios/app/bully-anniversary-edition/details/
69,The House of Da Vinci 2,Blue Brain Games,https://www.appannie.com/apps/ios/app/the-house-of-da-vinci-2/details/
70,GoodNotes 5,TimeBaseTech,https://www.appannie.com/apps/ios/app/goodnotes-5/details/
71,Grand Theft Auto: The Trilogy,Rockstar Games,https://www.appannie.com/apps/ios/app/grand-theft-auto-the-trilogy/details/
72,Mirror for Roku - AirBeamTV,AirBeamTV BV,https://www.appannie.com/apps/ios/app/mirror-for-roku/details/
73,My Macros+ | Diet & Calories,Jason Loewy,https://www.appannie.com/apps/ios/app/my-macros-diet-weight-calorie/details/
74,Scribblenauts Unlimited,Warner Bros,https://www.appannie.com/apps/ios/app/scribblenauts-unlimited/details/
75,NBA JAM by EA SPORTS™,Electronic Arts,https://www.appannie.com/apps/ios/app/nba-jam-by-ea-sports/details/
76,Mirror for Samsung TV,AirBeamTV BV,https://www.appannie.com/apps/ios/app/mirror-for-samsung-tv/details/
77,FNaF 6: Pizzeria Simulator,"Clickteam, LLC",https://www.appannie.com/apps/ios/app/fnaf-6-pizzeria-simulator/details/
78,Screen Mirroring+ for Roku,2kit Consulting,https://www.appannie.com/apps/ios/app/tv-mirror-for-roku-mirroring/details/
79,Lowriders Comeback 2: Cruising,Anton Lebed,https://www.appannie.com/apps/ios/app/lowriders-comeback-2-cruising/details/
80,TonalEnergy Tuner & Metronome,"TonalEnergy, Inc",https://www.appannie.com/apps/ios/app/tonalenergy-chromatic-tuner-and-metronome/details/
81,Superimpose X,Pankaj Goswami,https://www.appannie.com/apps/ios/app/superimpose-x/details/
82,CE5 Contact,Sirius Technology,https://www.appannie.com/apps/ios/app/ce5-contact/details/
83,OneCast - Xbox Game Streaming,Owen Stanley,https://www.appannie.com/apps/ios/app/onecast-2/details/
84,Poly Bridge,Dry Cactus,https://www.appannie.com/apps/ios/app/poly-bridge-3/details/
85,Earn to Die 2,Not Doppler,https://www.appannie.com/apps/ios/app/earn-to-die-2/details/
86,Trivia Crack (No Ads),Etermax,https://www.appannie.com/apps/ios/app/trivia-crack-ad-free/details/
87,FiLMiC Pro－Video Camera,FiLMiC,https://www.appannie.com/apps/ios/app/filmic-pro-2-3/details/
88,BE-A Walker,Games Operators,https://www.appannie.com/apps/ios/app/be-a-walker/details/
89,AnkiMobile Flashcards,Damien Elmes,https://www.appannie.com/apps/ios/app/ankimobile-flashcards/details/
90,Star Walk 2 - Night Sky Map,VitoTech,https://www.appannie.com/apps/ios/app/star-walk-2-guide-to-night/details/
91,Toca Hair Salon 3,Toca Boca,https://www.appannie.com/apps/ios/app/toca-hair-salon-3/details/
92,Flick Home Run !,Infinity Pocket,https://www.appannie.com/apps/ios/app/flick-home-run-!/details/
93,Pro Camera by Moment,Moment Inc.,https://www.appannie.com/apps/ios/app/moment-app/details/
94,Pocket Build,MoonBear,https://www.appannie.com/apps/ios/app/pocket-build/details/
95,EpocCam Webcamera for Computer,Kinoni,https://www.appannie.com/apps/ios/app/epoccam-hd-wireless-computer/details/
96,60 Seconds! Atomic Adventure,Robot Gentleman,https://www.appannie.com/apps/ios/app/60-seconds-atomic-adventure/details/
97,Hitman Sniper,SQUARE ENIX,https://www.appannie.com/apps/ios/app/hitman-sniper/details/
98,Skincare Routine,Chris J Ward,https://www.appannie.com/apps/ios/app/the-ordinary-guide/details/
99,Couch to 5K® - Run training,ActiveNetwork,https://www.appannie.com/apps/ios/app/couch-to-5k-running-app-training/details/
100,Construction Master Pro,Calculated,https://www.appannie.com/apps/ios/app/construction-master-pro-advanced/details/
101,WaterMinder®,Funn Media,https://www.appannie.com/apps/ios/app/waterminder-water-hydration/details/
102,Papa's Burgeria To Go!,Flipline,https://www.appannie.com/apps/ios/app/papas-burgeria-to-go/details/
103,Tiny Wings,Andreas Illiger,https://www.appannie.com/apps/ios/app/tiny-wings/details/
104,Papa's Cheeseria To Go!,Flipline,https://www.appannie.com/apps/ios/app/papas-cheeseria-to-go/details/
105,Where's My Water?,Disney,https://www.appannie.com/apps/ios/app/wheres-my-water-2/details/
106,FL Studio Mobile,Image Line,https://www.appannie.com/apps/ios/app/fl-studio-mobile-hd/details/
107,Amazing Frog?,FAYJU,https://www.appannie.com/apps/ios/app/amazing-frog-3/details/
108,Papa's Pizzeria To Go!,Flipline,https://www.appannie.com/apps/ios/app/papas-pizzeria-to-go!/details/
109,Need for Speed™ Most Wanted,Electronic Arts,https://www.appannie.com/apps/ios/app/need-for-speed-most-wanted-2/details/
110,Papa's Bakeria To Go!,Flipline,https://www.appannie.com/apps/ios/app/papas-bakeria-to-go/details/
111,Star Wars™: KOTOR,Aspyr,https://www.appannie.com/apps/ios/app/star-wars-knights-old-republic-2/details/
112,Catan Classic,USMGames,https://www.appannie.com/apps/ios/app/catan/details/
113,CARROT Weather,Grailr,https://www.appannie.com/apps/ios/app/carrot-weather-talking-forecast/details/
114,Papa's Scooperia To Go!,Flipline,https://www.appannie.com/apps/ios/app/papas-scooperia-to-go/details/
115,PDG PROmote 2019-2021,ForceReadiness.com,https://www.appannie.com/apps/ios/app/pdg-promote-complete-usaf/details/
116,Pocket City,Codebrew Games,https://www.appannie.com/apps/ios/app/pocket-city-2/details/
117,TurboScan™ Pro: PDF scanner,Piksoft,https://www.appannie.com/apps/ios/app/turboscan-quickly-scan-multipage-2/details/
118,Sunday Lawn,Donut Games,https://www.appannie.com/apps/ios/app/sunday-lawn/details/
119,Notability,GingerLabs,https://www.appannie.com/apps/ios/app/notability/details/
120,FILCA - SLR Film Camera,Cheol Kim,https://www.appannie.com/apps/ios/app/romo-cam/details/
121,RollerCoaster Tycoon® Classic,Atari,https://www.appannie.com/apps/ios/app/rollercoaster-tycoon-classic/details/
122,Land Nav Assistant,Gammon Applications,https://www.appannie.com/apps/ios/app/land-nav-assistant/details/
123,Papa's Wingeria To Go!,Flipline,https://www.appannie.com/apps/ios/app/papas-wingeria-to-go/details/
124,kirakira+,Kentaro Yama,https://www.appannie.com/apps/ios/app/kirakira-2/details/
125,HeartWatch: Monitor Heart Rate,Tantsissa,https://www.appannie.com/apps/ios/app/heartwatch-view-get-notified/details/
126,Necrophonic,chris rogers,https://www.appannie.com/apps/ios/app/necrophonic/details/
127,AnyFont,Florian Schimanke,https://www.appannie.com/apps/ios/app/anyfont/details/
128,Plug Toolbox for Minecraft,Innovative Developers,https://www.appannie.com/apps/ios/app/plug-tools-for-minecraft/details/
129,Grand Theft Auto III,Rockstar Games,https://www.appannie.com/apps/ios/app/grand-theft-auto-iii/details/
130,Bendy and the Ink Machine,Joey Drew,https://www.appannie.com/apps/ios/app/bendy-and-the-ink-machine-2/details/
131,Subwords,Klemens Strasser,https://www.appannie.com/apps/ios/app/subwords/details/
132,Danganronpa: Trigger Happy Hav,Spike Chunsoft,https://www.appannie.com/apps/ios/app/danganronpa-trigger-happy-hav/details/
133,Scanner Radio,Intersect World,https://www.appannie.com/apps/ios/app/scanner-radio/details/
134,Street Kart Racing,Fat Cigar Productions,https://www.appannie.com/apps/ios/app/street-kart-racing/details/
135,Threema,Kasper Systems,https://www.appannie.com/apps/ios/app/threema/details/
136,Earn to Die,Not Doppler,https://www.appannie.com/apps/ios/app/earn-to-die/details/
137,iNavX: Marine Navigation,GPSNavX,https://www.appannie.com/apps/ios/app/inavx-marine-navigation/details/
138,Tiny Scanner Plus,Appxy,https://www.appannie.com/apps/ios/app/tinyscan-pro-pdf-scanner-to/details/
139,Sezzy Timer,Sarah Stevenson,https://www.appannie.com/apps/ios/app/sezzy-timer/details/
140,Find My Bluetooth Device,Mehdi Amiri,https://www.appannie.com/apps/ios/app/find-my-bluetooth-earbuds/details/
141,TapeACall Pro: Call Recorder,TelTech,https://www.appannie.com/apps/ios/app/tapeacall-pro-record-phone/details/
142,Evertale,ZigZaGame,https://www.appannie.com/apps/ios/app/evertale/details/
143,LT.SOUNDS,Badfish Labs,https://www.appannie.com/apps/ios/app/lt-sounds/details/
144,THE GAME OF LIFE Vacations,Marmalade,https://www.appannie.com/apps/ios/app/the-game-of-life-vacations/details/
145,Infinite Flight Simulator,Flying Development Studio,https://www.appannie.com/apps/ios/app/infinite-flight-flight-simulator/details/
146,Dirt Trackin 2,Bennett Racing Simulations,https://www.appannie.com/apps/ios/app/dirt-trackin-2/details/
147,Papa's Cupcakeria To Go!,Flipline,https://www.appannie.com/apps/ios/app/papas-cupcakeria-to-go/details/
148,Max Payne Mobile,Rockstar Games,https://www.appannie.com/apps/ios/app/max-payne-mobile/details/
149,Papa's Donuteria To Go!,Flipline,https://www.appannie.com/apps/ios/app/papas-donuteria-to-go/details/
150,ProCam 7,Samer Azzam,https://www.appannie.com/apps/ios/app/procam-2-camera-and-photo-video-editor/details/
151,Monarchia,Fatih Beceren,https://www.appannie.com/apps/ios/app/monarchia/details/
152,Teen Titans Go! Figure,Cartoon Network,https://www.appannie.com/apps/ios/app/teen-titans-go-figure/details/
153,RadarScope,Base Velocity,https://www.appannie.com/apps/ios/app/radarscope/details/
154,Tiny Beat,Mirko Trkulja,https://www.appannie.com/apps/ios/app/tiny-beat-2/details/
155,ALTER: Between Two Worlds,Crescent Moon Games,https://www.appannie.com/apps/ios/app/alter-between-two-worlds/details/
156,Monash University FODMAP diet,Monash University,https://www.appannie.com/apps/ios/app/monash-university-low-fodmap/details/
157,Plug for Terraria,Innovative Developers,https://www.appannie.com/apps/ios/app/plug-for-terraria/details/
158,The White Door,LoyaltyGame,https://www.appannie.com/apps/ios/app/the-white-door/details/
159,Monument Valley,ustwo,https://www.appannie.com/apps/ios/app/monument-valley/details/
160,Rusty Lake Hotel,LoyaltyGame,https://www.appannie.com/apps/ios/app/rusty-lake-hotel/details/
161,LumaFusion,Luma Touch,https://www.appannie.com/apps/ios/app/lumafusion/details/
162,Street Fighter IV CE,CAPCOM,https://www.appannie.com/apps/ios/app/1239299402/details/
163,Fun with Ragdolls,Jadon Barnes,https://www.appannie.com/apps/ios/app/fun-with-ragdolls-the-game/details/
164,My Baby's Beat Fetal Heartbeat,Matis,https://www.appannie.com/apps/ios/app/my-babys-beat-hear-baby-heartbeat/details/
165,Heads Up! Kids,Warner Bros,https://www.appannie.com/apps/ios/app/heads-up-pictures/details/
166,Toca Life: Neighborhood,Toca Boca,https://www.appannie.com/apps/ios/app/toca-life-neighborhood/details/
167,Forks Over Knives (Recipes),Forks Over Knives,https://www.appannie.com/apps/ios/app/forks-over-knives-healthy/details/
168,Camp & RV - Tents to RV Parks,Allstays,https://www.appannie.com/apps/ios/app/camp-rv-tent-camping-to-rv-parks/details/
169,Skater - Skate Legendary Spots,Frosch,https://www.appannie.com/apps/ios/app/skater-2/details/
170,Coloring Fun with Fox & Sheep,Fox and Sheep,https://www.appannie.com/apps/ios/app/1479012191/details/
171,Zombieville USA 2,MikaMobile,https://www.appannie.com/apps/ios/app/zombieville-usa-2/details/
172,Find My Headphones & Earbuds,Bickster Studios,https://www.appannie.com/apps/ios/app/find-my-headphones-headset/details/
173,Graphing Calculator Plus,Incpt.Mobis,https://www.appannie.com/apps/ios/app/ti-84-graphing-calculator-um/details/
174,Antistress - Relaxing games,JindoBlu,https://www.appannie.com/apps/ios/app/antistress-relaxation-toys/details/
175,iVerify.,Trail of Bits,https://www.appannie.com/apps/ios/app/iverify-2/details/
176,Papa's Pancakeria To Go!,Flipline,https://www.appannie.com/apps/ios/app/papas-pancakeria-to-go/details/
177,Smart Baby Shapes: Learning games for toddler kids,Kidapp.ru,https://www.appannie.com/apps/ios/app/smart-baby-shapes-hd-early/details/
178,Drum Beats+ Rhythm Machine,Ninebuzz,https://www.appannie.com/apps/ios/app/drum-beats-rhythm-metronome/details/
179,MyFLO Period Tracker,Flo Living,https://www.appannie.com/apps/ios/app/myflo-period-tracker-by-flo/details/
180,Vector for iPhone,Nekki,https://www.appannie.com/apps/ios/app/vector-for-iphone/details/
181,Camera+ 2,LateNiteSoft S.L.,https://www.appannie.com/apps/ios/app/camera-2-2/details/
182,Doodle God™,JoyBits,https://www.appannie.com/apps/ios/app/doodle-god/details/
183,Glitché,Glitche Ltd.,https://www.appannie.com/apps/ios/app/glitche/details/
184,Fax from iPhone - Send Fax App,BPMobile,https://www.appannie.com/apps/ios/app/ifax-send-fax-from-iphone/details/
185,MarineTraffic - Ship Tracking,MarineTraffic,https://www.appannie.com/apps/ios/app/marinetraffic-ships-wind/details/
186,LIMBO,Playdead,https://www.appannie.com/apps/ios/app/656951157/details/
187,Game of Life Value Pack,Marmalade,https://www.appannie.com/apps/ios/app/the-game-of-life-bundle/details/
188,Things 3,Cultured Code,https://www.appannie.com/apps/ios/app/things-3-2/details/
189,DSLR Camera,Fulvio Scichilone,https://www.appannie.com/apps/ios/app/dslr-camera/details/
190,Ordia,Loju,https://www.appannie.com/apps/ios/app/ordia/details/
191,Streaks,Crunchy Bagel,https://www.appannie.com/apps/ios/app/streaks/details/
192,Don't Starve: Pocket Edition,Klei Entertainment,https://www.appannie.com/apps/ios/app/dont-starve-pocket-edition/details/
193,MilGPS,Cascode,https://www.appannie.com/apps/ios/app/milgps-tactical-gps-navigation-and-mgrs-grid-tool-for-land-nav/details/
194,R.B.I. Baseball 20,MLB Advanced Media,https://www.appannie.com/apps/ios/app/r-b-i-baseball-20/details/
195,Toca Life: Hospital,Toca Boca,https://www.appannie.com/apps/ios/app/1156114278/details/
196,Worms™ 4,Team17,https://www.appannie.com/apps/ios/app/wormstm-4/details/
197,The House of Da Vinci,Blue Brain Games,https://www.appannie.com/apps/ios/app/the-house-of-da-vinci/details/
198,GTA: Chinatown Wars,Rockstar Games,https://www.appannie.com/apps/ios/app/grand-theft-auto-chinatown-2/details/
199,CCW – Concealed Carry 50 State,Workman Consulting,https://www.appannie.com/apps/ios/app/ccw-concealed-carry-50-state/details/
200,Rusty Lake: Roots,LoyaltyGame,https://www.appannie.com/apps/ios/app/rusty-lake-roots/details/
201,California Firearms Test,AlphaSquare Technologies Inc.,https://www.appannie.com/apps/ios/app/california-firearms-test/details/
202,OBD Fusion,OCTech,https://www.appannie.com/apps/ios/app/obd-fusion-obd2-vehicle-scan/details/
203,StaffLinQ,ROSnet,https://www.appannie.com/apps/ios/app/stafflinq/details/
204,TV Mirror+ for Chromecast,2kit Consulting,https://www.appannie.com/apps/ios/app/screen-mirroring-chromecast/details/
205,Incredibox,So Far So Good,https://www.appannie.com/apps/ios/app/incredibox/details/
206,Leo's Fortune,1337 and Senri,https://www.appannie.com/apps/ios/app/leos-fortune/details/
207,The Gardens Between,Voxel Agents,https://www.appannie.com/apps/ios/app/the-gardens-between/details/
208,Kitty Powers' Matchmaker,Magic Notion,https://www.appannie.com/apps/ios/app/kitty-powers-matchmaker/details/
209,Jesus Calling Devotional,Nelson Media,https://www.appannie.com/apps/ios/app/jesus-calling-devotional-by/details/
210,INKHUNTER PRO Tattoos try on,"INKHUNTER, Inc.",https://www.appannie.com/apps/ios/app/inkhunter-pro-tattoos-try-on/details/
211,Monument Valley 2,ustwo,https://www.appannie.com/apps/ios/app/1187265767/details/
212,Ticket to Ride - Train Game,Asmodee,https://www.appannie.com/apps/ios/app/ticket-to-ride/details/
213,Alto's Adventure,Snowman,https://www.appannie.com/apps/ios/app/altos-adventure/details/
214,Baby Connect (Baby Tracker),Seacloud,https://www.appannie.com/apps/ios/app/baby-connect-activity-logger/details/
215,RFS - Real Flight Simulator,RORTOS,https://www.appannie.com/apps/ios/app/rfs-real-flight-simulator/details/
216,Pascal's Wager,Giant Network,https://www.appannie.com/apps/ios/app/pascals-wager/details/
217,The Room: Old Sins,Fireproof Games,https://www.appannie.com/apps/ios/app/1286676015/details/
218,Pad+ Streamer Remote Control,Vulcan Labs,https://www.appannie.com/apps/ios/app/streamer-tv-remote-control/details/
219,Doodle Jump,Lima Sky,https://www.appannie.com/apps/ios/app/doodle-jump/details/
220,Truck Simulator PRO 2,Mageeks Apps & Games,https://www.appannie.com/apps/ios/app/truck-simulator-pro-2/details/
221,Toca Lab: Elements,Toca Boca,https://www.appannie.com/apps/ios/app/toca-lab/details/
222,Solocator - GPS Field Camera,Civi Corp,https://www.appannie.com/apps/ios/app/solocator-gps-field-camera-stamp-photos-with-geo-location-compass-direction-altitude-date-time-optional-editable-notes/details/
223,Papa's Taco Mia To Go!,Flipline,https://www.appannie.com/apps/ios/app/papas-taco-mia-to-go/details/
224,Paprika Recipe Manager 3,Hindsight,https://www.appannie.com/apps/ios/app/paprika-rezept-manager-3/details/
225,Boris and the Dark Survival,Joey Drew,https://www.appannie.com/apps/ios/app/boris-and-the-dark-survival/details/
226,PROmote - Army Study Guide,ForceReadiness.com,https://www.appannie.com/apps/ios/app/promote-study-guide-for-army/details/
227,The Golf Tracer,Swing by Swing,https://www.appannie.com/apps/ios/app/the-golf-tracer/details/
228,Ultimate Lion Simulator 2,Gluten Free Games,https://www.appannie.com/apps/ios/app/ultimate-lion-simulator-2/details/
229,Free Tone - Calling & Texting,TextMe,https://www.appannie.com/apps/ios/app/freetone-free-calls-texting/details/
230,e-Sword LT: Bible Study to Go,Rick Meyers,https://www.appannie.com/apps/ios/app/e-sword-lt-bible-study-on-the-go/details/
231,Bike Race Pro: Motor Racing,Wildlife Studios,https://www.appannie.com/apps/ios/app/bike-race-pro/details/
232,Sally's Spa,Games Cafe,https://www.appannie.com/apps/ios/app/sallys-spa/details/
233,ProCamera.,Cocologics,https://www.appannie.com/apps/ios/app/procamera-8-hdr/details/
234,Insaniquarium! Deluxe,Bringlife,https://www.appannie.com/apps/ios/app/insaniquarium-deluxe/details/
235,App MyEar,Brandon Isobe,https://www.appannie.com/apps/ios/app/app-myear/details/
236,Camera for OBS Studio,Loft Labs Interactive Inc,https://www.appannie.com/apps/ios/app/obs-studio-iphone-video-source/details/
237,Blood Type Diet®,D'Adamo Personalized Nutrition,https://www.appannie.com/apps/ios/app/blood-type-diet-2/details/
238,Octodad: Dadliest Catch,Young Horses,https://www.appannie.com/apps/ios/app/octodad-dadliest-catch/details/
239,Farming USA 2,Bowen Games,https://www.appannie.com/apps/ios/app/farming-usa-2/details/
240,CamScanner + | OCR Scanner,Linguan Data,https://www.appannie.com/apps/ios/app/camscanner-pdf-document/details/
241,SIMULACRA,Kaigan Games OÜ,https://www.appannie.com/apps/ios/app/simulacra/details/
242,Organ Trail: Director's Cut,Men Who Wear Many Hats,https://www.appannie.com/apps/ios/app/organ-trail-directors-cut/details/
243,WatchChat 2: for WhatsApp,Alexander Nowak,https://www.appannie.com/apps/ios/app/watchchat-for-whatsapp/details/
244,Sheltered,Team17,https://www.appannie.com/apps/ios/app/sheltered/details/
245,KissAnime : Discover All Anime,Nhung Le Thi Hong,https://www.appannie.com/apps/ios/app/kizanime-anime-app-discover/details/
246,Alien: Blackout,D3Publisher,https://www.appannie.com/apps/ios/app/alien-blackout/details/
247,Shot Tracer,Visual Vertigo,https://www.appannie.com/apps/ios/app/shot-tracer/details/
248,SimpleRockets 2,Jundroo,https://www.appannie.com/apps/ios/app/simplerockets-2/details/
249,Construction Simulator 3,Astragon,https://www.appannie.com/apps/ios/app/construction-simulator-3/details/
250,Just Press Record,Open Planet Software,https://www.appannie.com/apps/ios/app/just-press-record-voice-and-audio-recorder-with-automatic-sync/details/
251,Badoo Premium,Badoo,https://www.appannie.com/apps/ios/app/badoo-premium-meet-new-people-and-chat-with-extra-features/details/
252,20 Watch Games - Classic Pack,Le Thi Thanh Binh,https://www.appannie.com/apps/ios/app/games-for-watch-7-in-1/details/
253,LiveATC Air Radio,LiveATC,https://www.appannie.com/apps/ios/app/liveatc-air-radio/details/
254,Toca Life: Town,Toca Boca,https://www.appannie.com/apps/ios/app/toca-town/details/
255,NeuralCam NightMode,Halcyon Products,https://www.appannie.com/apps/ios/app/neuralcam-night-photo/details/
256,Meridian 157: Chapter 2,NovaSoft Interactive,https://www.appannie.com/apps/ios/app/meridian-157-chapter-2/details/
257,Daily TSP,"Taza Technology, LLC",https://www.appannie.com/apps/ios/app/daily-tsp/details/
258,WristWeb for Facebook,XAN Applications GmbH & Co. KG,https://www.appannie.com/apps/ios/app/wristbook-for-facebook/details/
259,Surgeon Simulator,Bossa,https://www.appannie.com/apps/ios/app/surgeon-simulator/details/
260,Universe Splitter,Aerfish LLC,https://www.appannie.com/apps/ios/app/universe-splitter/details/
261,TeamSpeak 3,TeamSpeak,https://www.appannie.com/apps/ios/app/teamspeak-3/details/
262,LEGO® Jurassic World™,Warner Bros,https://www.appannie.com/apps/ios/app/legor-jurassic-worldtm/details/
263,Donut County,Annapurna,https://www.appannie.com/apps/ios/app/donut-county/details/
264,Mideo: Record Video With Music,"Topanga Technologies, LLC",https://www.appannie.com/apps/ios/app/mideo-video-listen-to-music/details/
265,666 Time,A.S.M M,https://www.appannie.com/apps/ios/app/box-of-mysteries-multi-fun/details/
266,ChirpOMatic USA - Bird Song ID,iSpiny,https://www.appannie.com/apps/ios/app/chirpomatic-usa-automatic-bird-song-recognition/details/
267,Backflip Madness,Gamesoul Studio,https://www.appannie.com/apps/ios/app/backflip-madness/details/
268,Worms3,Team17,https://www.appannie.com/apps/ios/app/worms3/details/
269,Farming Simulator 16,Giants Software,https://www.appannie.com/apps/ios/app/farming-simulator-16/details/
270,ROME: Total War,Feral Interactive,https://www.appannie.com/apps/ios/app/rome-total-war/details/
271,Age of Civilizations II,Lukasz Jakowski Games,https://www.appannie.com/apps/ios/app/age-of-civiliza-ii/details/
272,Teach Your Monster to Read,Teach Monster Games,https://www.appannie.com/apps/ios/app/teach-your-monster-to-read/details/
273,TONALY: Write & practice music,Christian Hengst,https://www.appannie.com/apps/ios/app/ultimate-circle-of-fifths/details/
274,Toca Life: Vacation,Toca Boca,https://www.appannie.com/apps/ios/app/1114886979/details/
275,Five Minute Journal,Intelligent Change,https://www.appannie.com/apps/ios/app/1062945251/details/
276,LEGO Batman: DC Super Heroes,Warner Bros,https://www.appannie.com/apps/ios/app/lego-batman-dc-super-heroes/details/
277,Civilization Revolution 2,2K Games,https://www.appannie.com/apps/ios/app/civilization-revolution-2/details/
278,Screen Mirroring+ App,2kit Consulting,https://www.appannie.com/apps/ios/app/screen-mirroring-app/details/
279,Bridge Constructor Portal,HeadUpGames,https://www.appannie.com/apps/ios/app/1311353234/details/
280,Papa's Hot Doggeria To Go!,Flipline,https://www.appannie.com/apps/ios/app/papas-hot-doggeria-to-go/details/
281,Rush Rally 3,Brownmonster,https://www.appannie.com/apps/ios/app/rush-rally-3/details/
282,Mirror for LG Smart TV,AirBeamTV BV,https://www.appannie.com/apps/ios/app/mirror-for-lg-tv/details/
283,Halide Camera,Chroma Noir,https://www.appannie.com/apps/ios/app/halide/details/
284,Toca Life: Office,Toca Boca,https://www.appannie.com/apps/ios/app/1271722569/details/
285,The Room Two,Fireproof Games,https://www.appannie.com/apps/ios/app/the-room-two/details/
286,Pixelmator,Pixelmator Team,https://www.appannie.com/apps/ios/app/pixelmator/details/
287,WolframAlpha,Wolfram Alpha,https://www.appannie.com/apps/ios/app/wolframalpha/details/
288,Rusty Lake Paradise,LoyaltyGame,https://www.appannie.com/apps/ios/app/rusty-lake-paradise/details/
289,Voice Recorder - Audio Record,LiveBird,https://www.appannie.com/apps/ios/app/voice-recorder-audio-recording/details/
290,Football Manager 2020 Mobile,SEGA,https://www.appannie.com/apps/ios/app/football-manager-2020-mobile/details/
291,Fit Men Cook - Healthy Recipes,Andreas Kambanis,https://www.appannie.com/apps/ios/app/fit-men-cook-healthy-recipes/details/
292,Slow Shutter Cam,Cogitap,https://www.appannie.com/apps/ios/app/slow-shutter-cam/details/
293,My City : Grandparents Home,My Town,https://www.appannie.com/apps/ios/app/my-city-grandparents-home/details/
294,The Room Three,Fireproof Games,https://www.appannie.com/apps/ios/app/the-room-three/details/
295,Kingdom Rush Origins,Ironhide,https://www.appannie.com/apps/ios/app/kingdom-rush-origins/details/
296,AdBlock,FutureMind,https://www.appannie.com/apps/ios/app/691121579/details/
297,nomi | a pet for your watch,Andrew Chin,https://www.appannie.com/apps/ios/app/nomi-a-pet-for-your-watch/details/
298,GPS Tracks,DMorneault,https://www.appannie.com/apps/ios/app/gps-tracks/details/
299,Alto's Odyssey,Snowman,https://www.appannie.com/apps/ios/app/altos-odyssey/details/
300,Kingdom Rush Vengeance,Ironhide,https://www.appannie.com/apps/ios/app/kingdom-rush-vengeance/details/
301,Shadow Fight 2 Special Edition,Nekki,https://www.appannie.com/apps/ios/app/shadow-fight-2-special-edition/details/
302,Cloud Baby Monitor,Martin Man,https://www.appannie.com/apps/ios/app/cloud-baby-monitor-unlimited/details/
303,QuickBend: Conduit Bending,Bret Hardman,https://www.appannie.com/apps/ios/app/quickbend-conduit-bending/details/
304,PeakFinder AR,PeakFinder,https://www.appannie.com/apps/ios/app/peakfinder-earth/details/
305,Heart Rate Pro-Health Monitor,wenpeng zeng,https://www.appannie.com/apps/ios/app/e79fa5e5bf83e5bf83e78e87e6a380e6b58bpro-e5bf83e8b7b3e58aa8e68081e79b91e6b58be591b5e68aa4e5bf83e8848fe581a5e5bab7/details/
306,Granny Smith,Mediocre,https://www.appannie.com/apps/ios/app/granny-smith/details/
307,Plague Inc: Scenario Creator,Ndemic Creations,https://www.appannie.com/apps/ios/app/1113002956/details/
308,Label Pics,Andrew Kasper,https://www.appannie.com/apps/ios/app/label-pics/details/
309,Spacie - Clean Line Breaks,Apps4Life,https://www.appannie.com/apps/ios/app/spacie-clean-line-breaks/details/
310,Screen Mirroring+ for Fire TV,2kit Consulting,https://www.appannie.com/apps/ios/app/tv-mirror-for-fire-tv-screen/details/
311,EasyMSR,Deftun,https://www.appannie.com/apps/ios/app/easymsr/details/
312,iReal Pro,Technimo,https://www.appannie.com/apps/ios/app/ireal-pro-music-book-play/details/
313,Castlevania: SotN,KONAMI,https://www.appannie.com/apps/ios/app/e682aae9ad94e59f8ee38389e383a9e382ade383a5e383a9x-e69c88e4b88be381aee5a49ce683b3e69bb2/details/
314,911 Operator,Games Operators,https://www.appannie.com/apps/ios/app/911-operator-mobile/details/
315,Reigns,Devolver Digital,https://www.appannie.com/apps/ios/app/1114127463/details/
316,Knots 3D,Nynix,https://www.appannie.com/apps/ios/app/knots-3d/details/
317,Sporcle,Sporcle,https://www.appannie.com/apps/ios/app/sporcle/details/
318,Stamena - Longer lasting sex,Nathaniel Eliason,https://www.appannie.com/apps/ios/app/stamena/details/
319,Tayasui Color,Tayasui,https://www.appannie.com/apps/ios/app/tayasui-color-a-relaxing-coloring-book-for-adults/details/
320,My Singing Monsters Composer,Big Blue Bubble,https://www.appannie.com/apps/ios/app/my-singing-monsters-composer/details/
321,LEGO® Marvel Super Heroes,Warner Bros,https://www.appannie.com/apps/ios/app/lego-marvel-super-heroes-universe-in-peril/details/
322,Tubesnake,Viktor Hesselbom,https://www.appannie.com/apps/ios/app/tubesnake/details/
323,The Mood Meter,Mood Meter,https://www.appannie.com/apps/ios/app/mood-meter-building-your-emotional/details/
324,The Impossible Game,FlukeDude,https://www.appannie.com/apps/ios/app/367242040/details/
325,Space Agency,Nooleus,https://www.appannie.com/apps/ios/app/space-agency/details/
326,XCOM®: Enemy Within,2K Games,https://www.appannie.com/apps/ios/app/xcom-enemy-within/details/
327,Kingdom Rush Frontiers,Ironhide,https://www.appannie.com/apps/ios/app/kingdom-rush-frontiers/details/
328,Virtual Villagers 5,Last Day of Work,https://www.appannie.com/apps/ios/app/virtual-villagers-5-new-believers-2/details/
329,DEEMO,Rayark,https://www.appannie.com/apps/ios/app/deemo/details/
330,Pocket GM 20 - Football,Jonathan Howell,https://www.appannie.com/apps/ios/app/pocket-gm-20-football/details/
331,LEGO® Ninjago™: Shadow of Ronin™,Warner Bros,https://www.appannie.com/apps/ios/app/1039141908/details/
332,Journey,Annapurna,https://www.appannie.com/apps/ios/app/journey-6/details/
333,PromptSmart Pro - Teleprompter,PromptSmart,https://www.appannie.com/apps/ios/app/promptsmart-pro-the-smartest-teleprompter-for-public-speaking-english/details/
334,Print to Size,Clafou Ltd,https://www.appannie.com/apps/ios/app/print-to-size-perfect-images/details/
335,Nexomon,LIME TURTLE,https://www.appannie.com/apps/ios/app/nexomon/details/
336,Guitar Jam Tracks - Scale Trainer & Practice Buddy,Ninebuzz,https://www.appannie.com/apps/ios/app/guitar-jam-tracks-scale-trainer/details/
337,Very Little Nightmares,BANDAI NAMCO Entertainment,https://www.appannie.com/apps/ios/app/very-little-nightmares/details/
338,RadarOmega,"Storm Damage Services, INC",https://www.appannie.com/apps/ios/app/radaromega/details/
339,Castle of Illusion,Disney,https://www.appannie.com/apps/ios/app/castle-illusion-starring-mickey/details/
340,Yellowstone Grand Teton GyPSy,GyPSy Guide,https://www.appannie.com/apps/ios/app/1143635056/details/
341,Tody,LoopLoop,https://www.appannie.com/apps/ios/app/tody/details/
342,PhotoPills,PhotoPills,https://www.appannie.com/apps/ios/app/photopills/details/
343,GTA: Liberty City Stories,Rockstar Games,https://www.appannie.com/apps/ios/app/1061802598/details/
344,Awesome Calendar,YunaSoft Inc,https://www.appannie.com/apps/ios/app/awesome-calendar/details/
345,PicTapGo - Photo Editor,Totally Rad,https://www.appannie.com/apps/ios/app/pictapgo/details/
346,Mini Chess on Watch,Golmium,https://www.appannie.com/apps/ios/app/mini-chess-on-watch/details/
347,Stop Motion Studio Pro,CATEATER,https://www.appannie.com/apps/ios/app/stop-motion-studio-pro/details/
348,Ranger School Professional,"UPPER TIER DEVELOPMENT, LLC",https://www.appannie.com/apps/ios/app/ranger-school-professional/details/
349,MyRadar Weather Radar Pro,ACME AtronOmatic,https://www.appannie.com/apps/ios/app/myradar-pro-weather-radar/details/
350,AutoWake. Smart Sleep Alarm,Tantsissa,https://www.appannie.com/apps/ios/app/autowake-smart-sleep-alarm/details/
351,WOOTT,Bram Bos,https://www.appannie.com/apps/ios/app/woott/details/
352,Ultimate Spider Simulator 2,Gluten Free Games,https://www.appannie.com/apps/ios/app/ultimate-spider-simulator-2/details/
353,Little Nugget: Baby Milestones,CHG Developments,https://www.appannie.com/apps/ios/app/little-nugget-capture-baby-milestones-and-pregnancy-stages-through-photos/details/
354,SimplePlanes,Jundroo,https://www.appannie.com/apps/ios/app/simpleplanes/details/
355,FACEinHOLE®,LisbonLabs,https://www.appannie.com/apps/ios/app/faceinhole-who-do-you-want/details/
356,Ref Guide for Essential Oils,Abundant Health,https://www.appannie.com/apps/ios/app/ref-guide-for-essential-oils/details/
357,Fitmeter Bike - GPS Cycling,Volker Schueppel,https://www.appannie.com/apps/ios/app/fitmeter-bike/details/
358,NOAA Weather Radio,Christopher Coudriet,https://www.appannie.com/apps/ios/app/noaa-weather-radio/details/
359,Sticker Babai: Telugu Stickers,tarun kurapati,https://www.appannie.com/apps/ios/app/sticker-babai-telugu-stickers-2/details/
360,ecMobile,e-Courier,https://www.appannie.com/apps/ios/app/ecmobile/details/
361,Monogram It!,Firelit Studios,https://www.appannie.com/apps/ios/app/monogram-it-custom-wallpapers/details/
362,Let's create! Pottery HD,Infinite Dreams,https://www.appannie.com/apps/ios/app/lets-create-pottery-hd/details/
363,Bad North: Jotunn Edition,Raw Fury,https://www.appannie.com/apps/ios/app/bad-north/details/
364,Youtubers Life: Gaming Channel,UPlay online,https://www.appannie.com/apps/ios/app/youtubers-life/details/
365,Krome Studio Plus,Krome Photos,https://www.appannie.com/apps/ios/app/krome-studio-plus/details/
366,iOvilus,Digital Dowsing LLC,https://www.appannie.com/apps/ios/app/iovilus/details/
367,My PlayHome,PlayHome,https://www.appannie.com/apps/ios/app/my-playhome/details/
368,Game of FLIP,Jesse Heffels,https://www.appannie.com/apps/ios/app/game-of-flip/details/
369,Private School Days,MDickie,https://www.appannie.com/apps/ios/app/school-days-private/details/
370,Vegan Food Near You - HappyCow,HappyCow,https://www.appannie.com/apps/ios/app/veg-travel-guide-for-vegan/details/
371,Site Audit Pro,Veam Studios,https://www.appannie.com/apps/ios/app/site-audit-pro/details/
372,DOOM,Bethesda,https://www.appannie.com/apps/ios/app/doom-classic/details/
373,BATTLESHIP,Marmalade,https://www.appannie.com/apps/ios/app/battleship-commanders/details/
374,CHRONO TRIGGER (Upgrade Ver.),SQUARE ENIX,https://www.appannie.com/apps/ios/app/chrono-trigger/details/
375,Sonic Runners Adventure,Gameloft,https://www.appannie.com/apps/ios/app/sonic-runners-adventure/details/
376,Space Simulator,Brixton Dynamics Ltd,https://www.appannie.com/apps/ios/app/space-simulator/details/
377,Crush the Castle,Armor Games,https://www.appannie.com/apps/ios/app/crush-the-castle/details/
378,Visionn,BeFunky,https://www.appannie.com/apps/ios/app/visionn-real-time-artistic/details/
379,8mm Vintage Camera,Nexvio,https://www.appannie.com/apps/ios/app/8mm-vintage-camera-2/details/
380,Guess The Person? Premium,Richard Buckingham,https://www.appannie.com/apps/ios/app/guess-the-person-hd/details/
381,Camera Lucida,Peter Moeykens,https://www.appannie.com/apps/ios/app/camera-lucida/details/
382,Wake Up for Spotify Music,Daniel Gil,https://www.appannie.com/apps/ios/app/alarmify-for-spotify-music/details/
383,Virtual Families,Last Day of Work,https://www.appannie.com/apps/ios/app/virtual-families/details/
384,BADLAND,Frogmind,https://www.appannie.com/apps/ios/app/badland/details/
385,Construction Master 5,Calculated,https://www.appannie.com/apps/ios/app/construction-master-5-feet-inch-fraction-construction-math-calculator-for-builders-contractors-carpenters-engineers-architects-and-other-building-professionals/details/
386,Coach's Eye - Video Analysis,TechSmith,https://www.appannie.com/apps/ios/app/coachs-eye-instant-replay-video-analysis/details/
387,Attack the Light,Cartoon Network,https://www.appannie.com/apps/ios/app/attack-light-steven-universe/details/
388,Akinator VIP,Elokence,https://www.appannie.com/apps/ios/app/akinator-the-genie/details/
389,NightCap Camera,interealtime,https://www.appannie.com/apps/ios/app/nightcap-pro/details/
390,Due - Reminders & Timers,Phocus,https://www.appannie.com/apps/ios/app/due-reminders-countdown-timers/details/
391,Ventusky: Weather Maps,InMeteo,https://www.appannie.com/apps/ios/app/ventusky/details/
392,Goat Simulator PAYDAY,Coffee Stain,https://www.appannie.com/apps/ios/app/goat-simulator-payday/details/
393,AA Big Book App - Unofficial,Dean Huff,https://www.appannie.com/apps/ios/app/aa-big-book-alcoholics-anonymous/details/
394,Virtual Villagers 4,Last Day of Work,https://www.appannie.com/apps/ios/app/virtual-villagers-4-tree-life-2/details/
395,Bloons TD 4,Ninja Kiwi,https://www.appannie.com/apps/ios/app/bloons-td-4/details/
396,Toca Life: Stable,Toca Boca,https://www.appannie.com/apps/ios/app/1156110079/details/
397,OFFTIME: Unplug and disconnect,Mindcubed Sociedad Limitada,https://www.appannie.com/apps/ios/app/offtime-light-track-how-much/details/
398,Virtual Villagers 3,Last Day of Work,https://www.appannie.com/apps/ios/app/virtual-villagers-3-the-secret-city/details/
399,BiliCalc,"Jacob Beniflah, MD",https://www.appannie.com/apps/ios/app/bilicalc/details/
400,ibis Paint,ibis,https://www.appannie.com/apps/ios/app/ibis-paint-anime-manga-sketch/details/
401,Vocabulary.com,Vocabulary,https://www.appannie.com/apps/ios/app/vocabulary.com/details/
402,White Noise,TMSOFT,https://www.appannie.com/apps/ios/app/white-noise/details/
403,Green Screen by Do Ink,DK Pictures,https://www.appannie.com/apps/ios/app/green-screen-by-do-ink/details/
404,Paramedic Protocol Provider,Acid Remap,https://www.appannie.com/apps/ios/app/paramedic-protocol-provider-2/details/
405,Teeny Titans - Teen Titans Go!,Cartoon Network,https://www.appannie.com/apps/ios/app/1032743715/details/
406,My Lightning Tracker Pro,jRuston Apps,https://www.appannie.com/apps/ios/app/my-lightning-tracker-pro-live-thunderstorm-map/details/
407,Photon Flash Player for iPhone - Flash Video & Games plus Private Web Browser,Appsverse,https://www.appannie.com/apps/ios/app/photon-flash-player-for-iphone/details/
408,Chess Sudoku,Nick Carney,https://www.appannie.com/apps/ios/app/chess-sudoku/details/
409,Human Anatomy Atlas 2021,Visible Body,https://www.appannie.com/apps/ios/app/human-anatomy-atlas-2017-edition-complete-3d-human-body/details/
410,FiLMiC Firstlight - Photo App,FiLMiC,https://www.appannie.com/apps/ios/app/filmic-firstlight/details/
411,Jangu Adlam,Alseny Diallo,https://www.appannie.com/apps/ios/app/jangu-adlam/details/
412,Toca Pet Doctor,Toca Boca,https://www.appannie.com/apps/ios/app/toca-pet-doctor/details/
413,Dead Cells,Playdigious,https://www.appannie.com/apps/ios/app/dead-cells/details/
414,RollerCoaster Tycoon® 3,Frontier Developments,https://www.appannie.com/apps/ios/app/rollercoaster-tycoonr-3/details/
415,AdBlock Pro for Safari,Samuel Laska,https://www.appannie.com/apps/ios/app/adbuster-adblock-extension/details/
416,Seconds Pro - Interval Timer,Runloop,https://www.appannie.com/apps/ios/app/seconds-pro-timer-for-interval-training-circuit-training-hiit-tabata-wod-and-fitness-workouts/details/
417,Boating USA,Navionics,https://www.appannie.com/apps/ios/app/boating-usa/details/
418,FTSearch - Fast Track Bid Tool,Vince Internet Company Enterprises LLC,https://www.appannie.com/apps/ios/app/ftakit/details/
419,Ricky Carmichael's Motocross Matchup Pro,2XL Games,https://www.appannie.com/apps/ios/app/463869460/details/
420,3D Fish Feeding and Grow,M Usman Rasheed,https://www.appannie.com/apps/ios/app/explore-fish-feeding-and-grow/details/
421,FINAL FANTASY TACTICS :WotL,SQUARE ENIX,https://www.appannie.com/apps/ios/app/final-fantasy-tactics-the/details/
422,Fitbit to Apple Health Sync,Bickster Studios,https://www.appannie.com/apps/ios/app/1134998522/details/
423,Cora — Organization tool,"Refinery Apps, LLC",https://www.appannie.com/apps/ios/app/cora-color/details/
424,STAmina Apnea Trainer,"Squarecrowd Apps, LLC",https://www.appannie.com/apps/ios/app/stamina-apnea-trainer/details/
425,DashCommand - OBD-II Gauges,Palmer Performance,https://www.appannie.com/apps/ios/app/dashcommand-obd-ii-gauge-dashboards-scan-tool-and-vehicle-diagnostics/details/
426,iBend Pipe,Francisco Alcala,https://www.appannie.com/apps/ios/app/ibend-pipe/details/
427,Ms. PAC-MAN,BANDAI NAMCO Entertainment,https://www.appannie.com/apps/ios/app/ms-pac-man/details/
428,Real Steel,Reliance Big Entertainment,https://www.appannie.com/apps/ios/app/real-steel/details/
429,The ESO App,Nexu Industries,https://www.appannie.com/apps/ios/app/the-eso-app/details/
430,SpongeBob: Sponge on the Run,Nickelodeon,https://www.appannie.com/apps/ios/app/spongebob-sponge-on-the-run/details/
431,Baby Ultrasound 2015,Ogtus,https://www.appannie.com/apps/ios/app/baby-ultrasound-2015/details/
432,Waterlogue,Tinrocket,https://www.appannie.com/apps/ios/app/waterlogue/details/
433,Farming Simulator 18,Giants Software,https://www.appannie.com/apps/ios/app/farming-simulator-18/details/
434,If Found...,Annapurna,https://www.appannie.com/apps/ios/app/if-found-2/details/
435,Toca Boo,Toca Boca,https://www.appannie.com/apps/ios/app/toca-boo/details/
436,iConnectHue for Philips Hue,Crossfire Designs,https://www.appannie.com/apps/ios/app/iconnecthue/details/
437,DirectVR Remote for DirecTV,RMR Labz,https://www.appannie.com/apps/ios/app/directvr-touch-remote/details/
438,Deliveries: a package tracker,Junecloud,https://www.appannie.com/apps/ios/app/deliveries-a-package-tracker/details/
439,Hondata Complete,ali feili,https://www.appannie.com/apps/ios/app/hondata-complete/details/
440,Coolors,Coolors srl,https://www.appannie.com/apps/ios/app/coolors/details/
441,"Auto Redial with DTMF number, scheduled call phone",zhu qingling,https://www.appannie.com/apps/ios/app/chao-ji-bo-hao-zi-dong-zhong/details/
442,Weaphones: Firearms Simulator Volume 1,OranginalPlan,https://www.appannie.com/apps/ios/app/weaphones-firearms-simulator-volume-1/details/
443,Toca Life: School,Toca Boca,https://www.appannie.com/apps/ios/app/1043579926/details/
444,Takoway,Daylight Studios Pte. Ltd.,https://www.appannie.com/apps/ios/app/takoway/details/
445,AudioShare,Kymatica,https://www.appannie.com/apps/ios/app/audioshare-audio-document/details/
446,Toca Life: Pets,Toca Boca,https://www.appannie.com/apps/ios/app/1290182026/details/
447,Survivalcraft 2,Candy Rufus,https://www.appannie.com/apps/ios/app/survivalcraft-2-2/details/
448,Pocket Yoga,"Rainfrog, LLC",https://www.appannie.com/apps/ios/app/pocket-yoga/details/
449,Find My Fitbit - Fast Finder,Bickster Studios,https://www.appannie.com/apps/ios/app/fitness-band-finder-find-your-lost-band/details/
450,GramSpacer For Instagram,Andrew Lee,https://www.appannie.com/apps/ios/app/gramspacer-for-instagram/details/
451,iUniform ASU - Builds Your Army Service Uniform,iUniform,https://www.appannie.com/apps/ios/app/iuniform-asu-builds-your-army/details/
452,Quantumult,Cross Utility Ltd,https://www.appannie.com/apps/ios/app/quantumult/details/
453,Ghost Hunter M2,Jedasoft,https://www.appannie.com/apps/ios/app/ghost-hunter-m2/details/
454,My Town : Hospital,My Town,https://www.appannie.com/apps/ios/app/1026311548/details/
455,Merriam-Webster Dictionary Pro,Merriam-Webster,https://www.appannie.com/apps/ios/app/merriam-webster-dictionary/details/
456,12 Steps Companion AA Big Book,Dean Huff,https://www.appannie.com/apps/ios/app/12-steps-aa-companion-alcoholics/details/
457,Fish Tycoon,Last Day of Work,https://www.appannie.com/apps/ios/app/fish-tycoon/details/
458,AddOns Maker for Minecraft PE,PA Mobile Technology Company Limited,https://www.appannie.com/apps/ios/app/addons-maker-for-minecraft-pe/details/
459,Blue Iris,Perspective Software,https://www.appannie.com/apps/ios/app/blue-iris/details/
460,Toca Kitchen Sushi,Toca Boca,https://www.appannie.com/apps/ios/app/1440031359/details/
461,Offender Locator,Offender Locator Inc.,https://www.appannie.com/apps/ios/app/offender-locator/details/
462,My PlayHome Hospital,PlayHome,https://www.appannie.com/apps/ios/app/1095280287/details/
463,NOAA Marine Forecast & Weather,LW Brands,https://www.appannie.com/apps/ios/app/noaa-5-day-marine-weather-forecast-tides/details/
464,Network Analyzer Pro,Techet,https://www.appannie.com/apps/ios/app/network-analyzer-ping-traceroute/details/
465,InseAquarium: Crazy Aqurium,Qiang Shi,https://www.appannie.com/apps/ios/app/inseaquarium-crazy-aqurium/details/
466,Geekbench 5,Primate Labs,https://www.appannie.com/apps/ios/app/geekbench-5/details/
467,Tenuto,musictheory,https://www.appannie.com/apps/ios/app/tenuto/details/
468,RhymeZone,Datamuse,https://www.appannie.com/apps/ios/app/rhymezone/details/
469,Redial,Lei Wang,https://www.appannie.com/apps/ios/app/zhong-bo-zi-dong-zhong-bo/details/
470,Smart Closet - Fashion Style,Rabbit Tech Inc,https://www.appannie.com/apps/ios/app/smart-closet-your-fashion/details/
471,Multiplayer Terraria edition,OGN,https://www.appannie.com/apps/ios/app/multiplayer-terraria-edition/details/
472,Super City: Special Edition,MDickie,https://www.appannie.com/apps/ios/app/super-city-special-edition/details/
473,Baby Shusher,Baby Shusher,https://www.appannie.com/apps/ios/app/baby-shusher/details/
474,Bow Shop Bible,ST Sports LLC,https://www.appannie.com/apps/ios/app/bow-shop-bible/details/
475,Swipp!,Martin Knopf,https://www.appannie.com/apps/ios/app/swipp-3/details/
476,Decide Now! — Random Wheel,Catforce,https://www.appannie.com/apps/ios/app/decide-now/details/
477,Who's Your ...? New Born Style,OH MY GAME Beteti Tarsasag,https://www.appannie.com/apps/ios/app/whos-your-new-born-style/details/
478,The Secret To Money,Creste,https://www.appannie.com/apps/ios/app/the-secret-to-money/details/
479,Trace Table,Kevin Mangan,https://www.appannie.com/apps/ios/app/trace-table/details/
480,Ultimate Wolf Simulator 2,Gluten Free Games,https://www.appannie.com/apps/ios/app/ultimate-wolf-simulator-2/details/
481,Duet Display,Rahul Dewan,https://www.appannie.com/apps/ios/app/duet-display/details/
482,The Secret Daily Teachings,Creste,https://www.appannie.com/apps/ios/app/daily-teachings/details/
483,MechGen FG,John McCarthy,https://www.appannie.com/apps/ios/app/mechgen-fg/details/
484,FullyRaw by Kristina,FullyRaw Media LLC,https://www.appannie.com/apps/ios/app/fullyraw-by-kristina/details/
485,Florence,Annapurna,https://www.appannie.com/apps/ios/app/florence/details/
486,Modern Magic 8 Ball,Hayden Watson,https://www.appannie.com/apps/ios/app/modern-magic-8-ball/details/
487,Strelok Pro,Igor Borisov,https://www.appannie.com/apps/ios/app/strelok-pro/details/
488,AdGuard Pro — adblock&privacy,Performix,https://www.appannie.com/apps/ios/app/adguard-pro-adblock-privacy/details/
489,Loopy HD: Looper,Tasty Pixel,https://www.appannie.com/apps/ios/app/loopy-hd/details/
490,Export SMS PRO - Text Exporter,Amad Marwat,https://www.appannie.com/apps/ios/app/export-sms-pro-email-print/details/
491,LaCuerda [PRO],LaCuerda,https://www.appannie.com/apps/ios/app/lacuerda-pro/details/
492,Riptide GP: Renegade,Vector Unit,https://www.appannie.com/apps/ios/app/1090577736/details/
493,911 Dispatch,Christopher Coudriet,https://www.appannie.com/apps/ios/app/911-dispatch/details/
494,SIMULACRA 2,Kaigan Games OÜ,https://www.appannie.com/apps/ios/app/simulacra-2/details/
495,Sync For Apple Health > Fitbit,Bickster Studios,https://www.appannie.com/apps/ios/app/myfitnesssync-for-fitbit-apple-health-to-fitbit/details/
496,TX Real Estate Exam Flashcards,Champions School of Real Estate,https://www.appannie.com/apps/ios/app/texas-real-estate-exam-flashcards/details/
497,Truck Simulator PRO Europe,Mageeks Apps & Games,https://www.appannie.com/apps/ios/app/truck-simulator-pro-europe/details/
498,Moms On Call Scheduler,Moms on Call LLC,https://www.appannie.com/apps/ios/app/moms-on-call-scheduler/details/
499,Toca Blocks,Toca Boca,https://www.appannie.com/apps/ios/app/1057925633/details/
500,Activity Tracker+,Andrei Gaivoronskii,https://www.appannie.com/apps/ios/app/activity-4/details/
